"","name","iso_a3","currency_code","local_price","dollar_ex","GDP_dollar","date"
"1","Argentina","ARG","ARS",2.5,1,NA,"2000-04-01"
"2","Australia","AUS","AUD",2.59,1.68,NA,"2000-04-01"
"3","Brazil","BRA","BRL",2.95,1.79,NA,"2000-04-01"
"4","Britain","GBR","GBP",1.9,0.632911392,NA,"2000-04-01"
"5","Canada","CAN","CAD",2.85,1.47,NA,"2000-04-01"
"6","Chile","CHL","CLP",1260,514,NA,"2000-04-01"
"7","China","CHN","CNY",9.9,8.28,NA,"2000-04-01"
"8","Czech Republic","CZE","CZK",54.37,39.1,NA,"2000-04-01"
"9","Denmark","DNK","DKK",24.75,8.04,NA,"2000-04-01"
"10","Euro area","EUZ","EUR",2.56,1.075268817,NA,"2000-04-01"
"11","Hong Kong","HKG","HKD",10.2,7.79,NA,"2000-04-01"
"12","Hungary","HUN","HUF",339,279,NA,"2000-04-01"
"13","Indonesia","IDN","IDR",14500,7945,NA,"2000-04-01"
"14","Israel","ISR","ILS",14.5,4.05,NA,"2000-04-01"
"15","Japan","JPN","JPY",294,106,NA,"2000-04-01"
"16","Malaysia","MYS","MYR",4.52,3.8,NA,"2000-04-01"
"17","Mexico","MEX","MXN",20.9,9.41,NA,"2000-04-01"
"18","New Zealand","NZL","NZD",3.4,2.01,NA,"2000-04-01"
"19","Poland","POL","PLN",5.5,4.3,NA,"2000-04-01"
"20","Russia","RUS","RUB",39.5,28.5,NA,"2000-04-01"
"21","Singapore","SGP","SGD",3.2,1.7,NA,"2000-04-01"
"22","South Africa","ZAF","ZAR",9,6.72,NA,"2000-04-01"
"23","South Korea","KOR","KRW",3000,1108,NA,"2000-04-01"
"24","Sweden","SWE","SEK",24,8.84,NA,"2000-04-01"
"25","Switzerland","CHE","CHF",5.9,1.7,NA,"2000-04-01"
"26","Taiwan","TWN","TWD",70,30.6,NA,"2000-04-01"
"27","Thailand","THA","THB",55,38,NA,"2000-04-01"
"28","United States","USA","USD",2.51,1,NA,"2000-04-01"
"29","Argentina","ARG","ARS",2.5,1,NA,"2001-04-01"
"30","Australia","AUS","AUD",3,1.98,NA,"2001-04-01"
"31","Brazil","BRA","BRL",3.6,2.19,NA,"2001-04-01"
"32","Britain","GBR","GBP",1.99,0.699300699,NA,"2001-04-01"
"33","Canada","CAN","CAD",3.33,1.56,NA,"2001-04-01"
"34","Chile","CHL","CLP",1260,601,NA,"2001-04-01"
"35","China","CHN","CNY",9.9,8.28,NA,"2001-04-01"
"36","Czech Republic","CZE","CZK",56,39,NA,"2001-04-01"
"37","Denmark","DNK","DKK",24.75,8.46,NA,"2001-04-01"
"38","Euro area","EUZ","EUR",2.57,1.136363636,NA,"2001-04-01"
"39","Hong Kong","HKG","HKD",10.7,7.8,NA,"2001-04-01"
"40","Hungary","HUN","HUF",399,303,NA,"2001-04-01"
"41","Indonesia","IDN","IDR",14700,10855,NA,"2001-04-01"
"42","Japan","JPN","JPY",294,124,NA,"2001-04-01"
"43","Malaysia","MYS","MYR",4.52,3.8,NA,"2001-04-01"
"44","Mexico","MEX","MXN",21.9,9.29,NA,"2001-04-01"
"45","New Zealand","NZL","NZD",3.6,2.47,NA,"2001-04-01"
"46","Philippines","PHL","PHP",59,50.3,NA,"2001-04-01"
"47","Poland","POL","PLN",5.9,4.03,NA,"2001-04-01"
"48","Russia","RUS","RUB",35,28.9,NA,"2001-04-01"
"49","Singapore","SGP","SGD",3.3,1.81,NA,"2001-04-01"
"50","South Africa","ZAF","ZAR",9.7,8.13,NA,"2001-04-01"
"51","South Korea","KOR","KRW",3000,1325,NA,"2001-04-01"
"52","Sweden","SWE","SEK",24,10.28,NA,"2001-04-01"
"53","Switzerland","CHE","CHF",6.3,1.73,NA,"2001-04-01"
"54","Taiwan","TWN","TWD",70,32.9,NA,"2001-04-01"
"55","Thailand","THA","THB",55,45.5,NA,"2001-04-01"
"56","United States","USA","USD",2.54,1,NA,"2001-04-01"
"57","Argentina","ARG","ARS",2.5,3.13,NA,"2002-04-01"
"58","Australia","AUS","AUD",3,1.86,NA,"2002-04-01"
"59","Brazil","BRA","BRL",3.6,2.34,NA,"2002-04-01"
"60","Britain","GBR","GBP",1.99,0.689655172,NA,"2002-04-01"
"61","Canada","CAN","CAD",3.33,1.57,NA,"2002-04-01"
"62","Chile","CHL","CLP",1400,655,NA,"2002-04-01"
"63","China","CHN","CNY",10.5,8.28,NA,"2002-04-01"
"64","Czech Republic","CZE","CZK",56.28,34,NA,"2002-04-01"
"65","Denmark","DNK","DKK",24.75,8.38,NA,"2002-04-01"
"66","Euro area","EUZ","EUR",2.67,1.123595506,NA,"2002-04-01"
"67","Hong Kong","HKG","HKD",11.2,8,NA,"2002-04-01"
"68","Hungary","HUN","HUF",459,272,NA,"2002-04-01"
"69","Indonesia","IDN","IDR",16000,9430,NA,"2002-04-01"
"70","Israel","ISR","ILS",12,4.79,NA,"2002-04-01"
"71","Japan","JPN","JPY",262,130,NA,"2002-04-01"
"72","Malaysia","MYS","MYR",5.04,3.8,NA,"2002-04-01"
"73","Mexico","MEX","MXN",21.9,9.28,NA,"2002-04-01"
"74","New Zealand","NZL","NZD",3.6,2.24,NA,"2002-04-01"
"75","Norway","NOR","NOK",35,8.56,NA,"2002-04-01"
"76","Peru","PER","PEN",8.5,3.43,NA,"2002-04-01"
"77","Philippines","PHL","PHP",65,51,NA,"2002-04-01"
"78","Poland","POL","PLN",5.9,4.04,NA,"2002-04-01"
"79","Russia","RUS","RUB",39,31.2,NA,"2002-04-01"
"80","Singapore","SGP","SGD",3.3,1.82,NA,"2002-04-01"
"81","South Africa","ZAF","ZAR",9.7,10.9,NA,"2002-04-01"
"82","South Korea","KOR","KRW",3100,1304,NA,"2002-04-01"
"83","Sweden","SWE","SEK",26,10.4,NA,"2002-04-01"
"84","Switzerland","CHE","CHF",6.3,1.66,NA,"2002-04-01"
"85","Taiwan","TWN","TWD",70,34.8,NA,"2002-04-01"
"86","Thailand","THA","THB",55,43.3,NA,"2002-04-01"
"87","Turkey","TUR","TRY",4e+06,1324500,NA,"2002-04-01"
"88","United States","USA","USD",2.49,1,NA,"2002-04-01"
"89","Venezuela","VEN","VEF",2500,857,NA,"2002-04-01"
"90","Argentina","ARG","ARS",4.1,2.88,NA,"2003-04-01"
"91","Australia","AUS","AUD",3,1.61,NA,"2003-04-01"
"92","Brazil","BRA","BRL",4.55,3.07,NA,"2003-04-01"
"93","Britain","GBR","GBP",1.99,0.632911392,NA,"2003-04-01"
"94","Canada","CAN","CAD",3.2,1.45,NA,"2003-04-01"
"95","Chile","CHL","CLP",1400,716,NA,"2003-04-01"
"96","China","CHN","CNY",9.9,8.28,NA,"2003-04-01"
"97","Czech Republic","CZE","CZK",56.57,28.9,NA,"2003-04-01"
"98","Denmark","DNK","DKK",27.75,6.78,NA,"2003-04-01"
"99","Egypt","EGY","EGP",8,5.92,NA,"2003-04-01"
"100","Euro area","EUZ","EUR",2.71,0.909090909,NA,"2003-04-01"
"101","Hong Kong","HKG","HKD",11.5,7.8,NA,"2003-04-01"
"102","Hungary","HUN","HUF",490,224,NA,"2003-04-01"
"103","Indonesia","IDN","IDR",16100,8740,NA,"2003-04-01"
"104","Japan","JPN","JPY",262,120,NA,"2003-04-01"
"105","Malaysia","MYS","MYR",5.04,3.8,NA,"2003-04-01"
"106","Mexico","MEX","MXN",23,10.53,NA,"2003-04-01"
"107","New Zealand","NZL","NZD",3.95,1.78,NA,"2003-04-01"
"108","Peru","PER","PEN",7.9,3.46,NA,"2003-04-01"
"109","Philippines","PHL","PHP",65,52.5,NA,"2003-04-01"
"110","Poland","POL","PLN",6.3,3.89,NA,"2003-04-01"
"111","Russia","RUS","RUB",41,31.1,NA,"2003-04-01"
"112","Singapore","SGP","SGD",3.3,1.78,NA,"2003-04-01"
"113","South Africa","ZAF","ZAR",13.95,7.56,NA,"2003-04-01"
"114","South Korea","KOR","KRW",3300,1220,NA,"2003-04-01"
"115","Sweden","SWE","SEK",30,8.34,NA,"2003-04-01"
"116","Switzerland","CHE","CHF",6.3,1.37,NA,"2003-04-01"
"117","Taiwan","TWN","TWD",70,34.8,NA,"2003-04-01"
"118","Thailand","THA","THB",59,42.7,NA,"2003-04-01"
"119","Turkey","TUR","TRY",3750000,1600500,NA,"2003-04-01"
"120","United States","USA","USD",2.71,1,NA,"2003-04-01"
"121","Venezuela","VEN","VEF",3700,1598,NA,"2003-04-01"
"122","Argentina","ARG","ARS",4.36,2.95,NA,"2004-05-01"
"123","Australia","AUS","AUD",3.25,1.43,NA,"2004-05-01"
"124","Brazil","BRA","BRL",5.4,3.18,NA,"2004-05-01"
"125","Britain","GBR","GBP",1.88,0.558659218,NA,"2004-05-01"
"126","Canada","CAN","CAD",3.19,1.37,NA,"2004-05-01"
"127","Chile","CHL","CLP",1400,641,NA,"2004-05-01"
"128","China","CHN","CNY",10.4,8.28,NA,"2004-05-01"
"129","Colombia","COL","COP",6500,2769.83,NA,"2004-05-01"
"130","Costa Rica","CRI","CRC",1130,433.55,NA,"2004-05-01"
"131","Czech Republic","CZE","CZK",56.42,26.5,NA,"2004-05-01"
"132","Denmark","DNK","DKK",27.75,6.22,NA,"2004-05-01"
"133","Egypt","EGY","EGP",10,6.19,NA,"2004-05-01"
"134","Euro area","EUZ","EUR",2.74,0.833333333,NA,"2004-05-01"
"135","Hong Kong","HKG","HKD",12,7.79,NA,"2004-05-01"
"136","Hungary","HUN","HUF",530,211,NA,"2004-05-01"
"137","Indonesia","IDN","IDR",16100,9120,NA,"2004-05-01"
"138","Japan","JPN","JPY",262,113,NA,"2004-05-01"
"139","Malaysia","MYS","MYR",5.04,3.8,NA,"2004-05-01"
"140","Mexico","MEX","MXN",24,11.6,NA,"2004-05-01"
"141","New Zealand","NZL","NZD",4.35,1.64,NA,"2004-05-01"
"142","Norway","NOR","NOK",35.5,6.8491,NA,"2004-05-01"
"143","Pakistan","PAK","PKR",110,57.76,NA,"2004-05-01"
"144","Peru","PER","PEN",8.99,3.49,NA,"2004-05-01"
"145","Philippines","PHL","PHP",69,55.9,NA,"2004-05-01"
"146","Poland","POL","PLN",6.3,3.87,NA,"2004-05-01"
"147","Russia","RUS","RUB",42,29,NA,"2004-05-01"
"148","Saudi Arabia","SAU","SAR",2.4,3.7502,NA,"2004-05-01"
"149","Singapore","SGP","SGD",3.3,1.71,NA,"2004-05-01"
"150","South Africa","ZAF","ZAR",12.4,6.66,NA,"2004-05-01"
"151","South Korea","KOR","KRW",3200,1177,NA,"2004-05-01"
"152","Sri Lanka","LKA","LKR",140,99,NA,"2004-05-01"
"153","Sweden","SWE","SEK",30,7.61,NA,"2004-05-01"
"154","Switzerland","CHE","CHF",6.3,1.29,NA,"2004-05-01"
"155","Taiwan","TWN","TWD",75,33.4,NA,"2004-05-01"
"156","Thailand","THA","THB",59,40.8,NA,"2004-05-01"
"157","Turkey","TUR","TRY",3950000,1531000,NA,"2004-05-01"
"158","Ukraine","UKR","UAH",7.25,5.3315,NA,"2004-05-01"
"159","United States","USA","USD",2.9,1,NA,"2004-05-01"
"160","Uruguay","URY","UYU",29.8,29.735,NA,"2004-05-01"
"161","Venezuela","VEN","VEF",4400,2977,NA,"2004-05-01"
"162","Argentina","ARG","ARS",4.75,2.897,NA,"2005-06-01"
"163","Australia","AUS","AUD",3.25,1.3015,NA,"2005-06-01"
"164","Brazil","BRA","BRL",5.9,2.4648,NA,"2005-06-01"
"165","Britain","GBR","GBP",1.88,0.546448087,NA,"2005-06-01"
"166","Canada","CAN","CAD",3.28,1.2494,NA,"2005-06-01"
"167","Chile","CHL","CLP",1500,592.45,NA,"2005-06-01"
"168","China","CHN","CNY",10.5,8.2764,NA,"2005-06-01"
"169","Colombia","COL","COP",6500,2327.7,NA,"2005-06-01"
"170","Costa Rica","CRI","CRC",1130,475.3,NA,"2005-06-01"
"171","Czech Republic","CZE","CZK",56.42,24.5409,NA,"2005-06-01"
"172","Denmark","DNK","DKK",27.75,6.0647,NA,"2005-06-01"
"173","Egypt","EGY","EGP",9,5.8,NA,"2005-06-01"
"174","Euro area","EUZ","EUR",2.92,0.814929509,NA,"2005-06-01"
"175","Hong Kong","HKG","HKD",12,7.7807,NA,"2005-06-01"
"176","Hungary","HUN","HUF",530,203.643,NA,"2005-06-01"
"177","Indonesia","IDN","IDR",14600,9545,NA,"2005-06-01"
"178","Japan","JPN","JPY",250,106.715,NA,"2005-06-01"
"179","Malaysia","MYS","MYR",5.25,3.8,NA,"2005-06-01"
"180","Mexico","MEX","MXN",28,10.8675,NA,"2005-06-01"
"181","New Zealand","NZL","NZD",4.45,1.4023,NA,"2005-06-01"
"182","Norway","NOR","NOK",39,6.4326,NA,"2005-06-01"
"183","Pakistan","PAK","PKR",130,59.62,NA,"2005-06-01"
"184","Peru","PER","PEN",8.99,3.2546,NA,"2005-06-01"
"185","Philippines","PHL","PHP",80,54.55,NA,"2005-06-01"
"186","Poland","POL","PLN",6.5,3.3096,NA,"2005-06-01"
"187","Russia","RUS","RUB",42,28.4055,NA,"2005-06-01"
"188","Saudi Arabia","SAU","SAR",9,3.7501,NA,"2005-06-01"
"189","Singapore","SGP","SGD",3.6,1.6607,NA,"2005-06-01"
"190","South Africa","ZAF","ZAR",13.95,6.6482,NA,"2005-06-01"
"191","South Korea","KOR","KRW",2500,1005.5,NA,"2005-06-01"
"192","Sri Lanka","LKA","LKR",175,99.945,NA,"2005-06-01"
"193","Sweden","SWE","SEK",31,7.4402,NA,"2005-06-01"
"194","Switzerland","CHE","CHF",6.3,1.2475,NA,"2005-06-01"
"195","Taiwan","TWN","TWD",75,31.175,NA,"2005-06-01"
"196","Thailand","THA","THB",60,40.53,NA,"2005-06-01"
"197","Turkey","TUR","TRY",4,1.369,NA,"2005-06-01"
"198","UAE","ARE","AED",9,3.6725,NA,"2005-06-01"
"199","Ukraine","UKR","UAH",7.25,5.06,NA,"2005-06-01"
"200","United States","USA","USD",3.06,1,NA,"2005-06-01"
"201","Uruguay","URY","UYU",44,24.125,NA,"2005-06-01"
"202","Venezuela","VEN","VEF",5600,2629.62,NA,"2005-06-01"
"203","Argentina","ARG","ARS",4.75,3.0638,NA,"2006-01-01"
"204","Australia","AUS","AUD",3.25,1.3308,NA,"2006-01-01"
"205","Brazil","BRA","BRL",6.2,2.2615,NA,"2006-01-01"
"206","Britain","GBR","GBP",1.88,0.566925563,NA,"2006-01-01"
"207","Canada","CAN","CAD",3.52,1.1704,NA,"2006-01-01"
"208","Chile","CHL","CLP",1560,522.75,NA,"2006-01-01"
"209","China","CHN","CNY",10.5,8.0641,NA,"2006-01-01"
"210","Czech Republic","CZE","CZK",62,23.8375,NA,"2006-01-01"
"211","Denmark","DNK","DKK",27.75,6.1769,NA,"2006-01-01"
"212","Egypt","EGY","EGP",9.25,5.74,NA,"2006-01-01"
"213","Euro area","EUZ","EUR",2.91,0.82815735,NA,"2006-01-01"
"214","Hong Kong","HKG","HKD",12,7.7512,NA,"2006-01-01"
"215","Hungary","HUN","HUF",560,206.956,NA,"2006-01-01"
"216","Indonesia","IDN","IDR",14600,9460,NA,"2006-01-01"
"217","Japan","JPN","JPY",250,114.305,NA,"2006-01-01"
"218","Malaysia","MYS","MYR",5.5,3.7488,NA,"2006-01-01"
"219","Mexico","MEX","MXN",28,10.5425,NA,"2006-01-01"
"220","New Zealand","NZL","NZD",4.45,1.4467,NA,"2006-01-01"
"221","Peru","PER","PEN",9.5,3.446,NA,"2006-01-01"
"222","Philippines","PHL","PHP",82,52.58,NA,"2006-01-01"
"223","Poland","POL","PLN",6.5,3.1151,NA,"2006-01-01"
"224","Russia","RUS","RUB",46,28.67,NA,"2006-01-01"
"225","Singapore","SGP","SGD",3.6,1.6353,NA,"2006-01-01"
"226","South Africa","ZAF","ZAR",13.95,6.0803,NA,"2006-01-01"
"227","South Korea","KOR","KRW",2500,977.45,NA,"2006-01-01"
"228","Sweden","SWE","SEK",33,7.7119,NA,"2006-01-01"
"229","Switzerland","CHE","CHF",6.3,1.2776,NA,"2006-01-01"
"230","Taiwan","TWN","TWD",75,31.9495,NA,"2006-01-01"
"231","Thailand","THA","THB",60,39.755,NA,"2006-01-01"
"232","Turkey","TUR","TRY",4.1,1.3365,NA,"2006-01-01"
"233","United States","USA","USD",3.15,1,NA,"2006-01-01"
"234","Venezuela","VEN","VEF",5900,2615.92,NA,"2006-01-01"
"235","Argentina","ARG","ARS",7,3.0565,NA,"2006-05-01"
"236","Australia","AUS","AUD",3.25,1.33253,NA,"2006-05-01"
"237","Brazil","BRA","BRL",6.4,2.3045,NA,"2006-05-01"
"238","Britain","GBR","GBP",1.94,0.531801744,NA,"2006-05-01"
"239","Canada","CAN","CAD",3.52,1.12045,NA,"2006-05-01"
"240","Chile","CHL","CLP",1560,529.95,NA,"2006-05-01"
"241","China","CHN","CNY",10.5,8.026,NA,"2006-05-01"
"242","Colombia","COL","COP",6500,2503.6,NA,"2006-05-01"
"243","Costa Rica","CRI","CRC",1130,509.535,NA,"2006-05-01"
"244","Czech Republic","CZE","CZK",59.05,22.1078,NA,"2006-05-01"
"245","Denmark","DNK","DKK",27.75,5.81825,NA,"2006-05-01"
"246","Egypt","EGY","EGP",9.5,5.77075,NA,"2006-05-01"
"247","Euro area","EUZ","EUR",2.939573529,0.780365992,NA,"2006-05-01"
"248","Hong Kong","HKG","HKD",12,7.7533,NA,"2006-05-01"
"249","Hungary","HUN","HUF",560,206.3444,NA,"2006-05-01"
"250","Indonesia","IDN","IDR",14600,9325,NA,"2006-05-01"
"251","Japan","JPN","JPY",250,112.105,NA,"2006-05-01"
"252","Malaysia","MYS","MYR",5.5,3.6295,NA,"2006-05-01"
"253","Mexico","MEX","MXN",29,11.3031,NA,"2006-05-01"
"254","New Zealand","NZL","NZD",4.45,1.62101,NA,"2006-05-01"
"255","Norway","NOR","NOK",43,6.1023,NA,"2006-05-01"
"256","Pakistan","PAK","PKR",130,60.055,NA,"2006-05-01"
"257","Peru","PER","PEN",9.5,3.261,NA,"2006-05-01"
"258","Philippines","PHL","PHP",85,52.625,NA,"2006-05-01"
"259","Poland","POL","PLN",6.5,3.09915,NA,"2006-05-01"
"260","Russia","RUS","RUB",48,27.06375,NA,"2006-05-01"
"261","Saudi Arabia","SAU","SAR",9,3.749,NA,"2006-05-01"
"262","Singapore","SGP","SGD",3.6,1.5873,NA,"2006-05-01"
"263","South Africa","ZAF","ZAR",13.95,6.597,NA,"2006-05-01"
"264","South Korea","KOR","KRW",2500,952.4,NA,"2006-05-01"
"265","Sri Lanka","LKA","LKR",190,102.955,NA,"2006-05-01"
"266","Sweden","SWE","SEK",33,7.28455,NA,"2006-05-01"
"267","Switzerland","CHE","CHF",6.3,1.20885,NA,"2006-05-01"
"268","Taiwan","TWN","TWD",75,32.141,NA,"2006-05-01"
"269","Thailand","THA","THB",60,38.445,NA,"2006-05-01"
"270","Turkey","TUR","TRY",4.2,1.5415,NA,"2006-05-01"
"271","UAE","ARE","AED",9,3.6726,NA,"2006-05-01"
"272","Ukraine","UKR","UAH",8.5,5.05,NA,"2006-05-01"
"273","United States","USA","USD",3.1,1,NA,"2006-05-01"
"274","Uruguay","URY","UYU",42.28,23.925,NA,"2006-05-01"
"275","Venezuela","VEN","VEF",5701.25,2519.58,NA,"2006-05-01"
"276","Argentina","ARG","ARS",8.25,3.08875,NA,"2007-01-01"
"277","Australia","AUS","AUD",3.45,1.266865,NA,"2007-01-01"
"278","Brazil","BRA","BRL",6.4,2.1335,NA,"2007-01-01"
"279","Britain","GBR","GBP",1.94,0.506034461,NA,"2007-01-01"
"280","Canada","CAN","CAD",3.63,1.17485,NA,"2007-01-01"
"281","Chile","CHL","CLP",1670,540.15,NA,"2007-01-01"
"282","China","CHN","CNY",11,7.7743,NA,"2007-01-01"
"283","Colombia","COL","COP",6900,2239.325,NA,"2007-01-01"
"284","Costa Rica","CRI","CRC",1130,509.535,NA,"2007-01-01"
"285","Czech Republic","CZE","CZK",52.1,21.50115,NA,"2007-01-01"
"286","Denmark","DNK","DKK",27.75,5.75305,NA,"2007-01-01"
"287","Egypt","EGY","EGP",9.09,5.7,NA,"2007-01-01"
"288","Euro area","EUZ","EUR",2.94,0.771813376,NA,"2007-01-01"
"289","Hong Kong","HKG","HKD",12,7.79845,NA,"2007-01-01"
"290","Hungary","HUN","HUF",590,194.4237,NA,"2007-01-01"
"291","Indonesia","IDN","IDR",15900,9090,NA,"2007-01-01"
"292","Japan","JPN","JPY",280,121.585,NA,"2007-01-01"
"293","Malaysia","MYS","MYR",5.5,3.502,NA,"2007-01-01"
"294","Mexico","MEX","MXN",29,10.8894,NA,"2007-01-01"
"295","New Zealand","NZL","NZD",4.6,1.42796,NA,"2007-01-01"
"296","Norway","NOR","NOK",41.5,6.1023,NA,"2007-01-01"
"297","Pakistan","PAK","PKR",140,60.055,NA,"2007-01-01"
"298","Peru","PER","PEN",9.5,3.1895,NA,"2007-01-01"
"299","Philippines","PHL","PHP",85,49.05,NA,"2007-01-01"
"300","Poland","POL","PLN",6.9,2.97175,NA,"2007-01-01"
"301","Russia","RUS","RUB",49,26.5335,NA,"2007-01-01"
"302","Saudi Arabia","SAU","SAR",9,3.749,NA,"2007-01-01"
"303","Singapore","SGP","SGD",3.6,1.53795,NA,"2007-01-01"
"304","South Africa","ZAF","ZAR",15.5,7.10975,NA,"2007-01-01"
"305","South Korea","KOR","KRW",2900,940.15,NA,"2007-01-01"
"306","Sri Lanka","LKA","LKR",190,102.955,NA,"2007-01-01"
"307","Sweden","SWE","SEK",32,7.04125,NA,"2007-01-01"
"308","Switzerland","CHE","CHF",6.3,1.2485,NA,"2007-01-01"
"309","Taiwan","TWN","TWD",75,32.9255,NA,"2007-01-01"
"310","Thailand","THA","THB",62,35.3,NA,"2007-01-01"
"311","Turkey","TUR","TRY",4.55,1.40975,NA,"2007-01-01"
"312","UAE","ARE","AED",10,3.6726,NA,"2007-01-01"
"313","Ukraine","UKR","UAH",9,5.05,NA,"2007-01-01"
"314","United States","USA","USD",3.22,1,NA,"2007-01-01"
"315","Uruguay","URY","UYU",55,23.925,NA,"2007-01-01"
"316","Venezuela","VEN","VEF",6800,4125.278,NA,"2007-01-01"
"317","Argentina","ARG","ARS",8.25,3.0915,NA,"2007-06-01"
"318","Australia","AUS","AUD",3.45,1.17,NA,"2007-06-01"
"319","Brazil","BRA","BRL",6.9,1.913,NA,"2007-06-01"
"320","Britain","GBR","GBP",1.99,0.496610632,NA,"2007-06-01"
"321","Canada","CAN","CAD",3.88,1.05345,NA,"2007-06-01"
"322","Chile","CHL","CLP",1565,526.75,NA,"2007-06-01"
"323","China","CHN","CNY",11,7.6047,NA,"2007-06-01"
"324","Colombia","COL","COP",6900,1956,NA,"2007-06-01"
"325","Costa Rica","CRI","CRC",1130,518.625,NA,"2007-06-01"
"326","Czech Republic","CZE","CZK",52.9,21.11675,NA,"2007-06-01"
"327","Denmark","DNK","DKK",27.75,5.4603,NA,"2007-06-01"
"328","Egypt","EGY","EGP",9.54,5.69025,NA,"2007-06-01"
"329","Euro area","EUZ","EUR",3.057482443,0.733756466,NA,"2007-06-01"
"330","Hong Kong","HKG","HKD",12,7.81555,NA,"2007-06-01"
"331","Hungary","HUN","HUF",600,180.2106,NA,"2007-06-01"
"332","Indonesia","IDN","IDR",15900,9015,NA,"2007-06-01"
"333","Japan","JPN","JPY",280,122.315,NA,"2007-06-01"
"334","Malaysia","MYS","MYR",5.5,3.4345,NA,"2007-06-01"
"335","Mexico","MEX","MXN",29,10.76755,NA,"2007-06-01"
"336","New Zealand","NZL","NZD",4.6,1.2797,NA,"2007-06-01"
"337","Norway","NOR","NOK",40,5.8139,NA,"2007-06-01"
"338","Pakistan","PAK","PKR",140,60.37,NA,"2007-06-01"
"339","Peru","PER","PEN",9.5,3.167,NA,"2007-06-01"
"340","Philippines","PHL","PHP",85,45.8975,NA,"2007-06-01"
"341","Poland","POL","PLN",6.9,2.75185,NA,"2007-06-01"
"342","Russia","RUS","RUB",52,25.64825,NA,"2007-06-01"
"343","Saudi Arabia","SAU","SAR",9,3.75045,NA,"2007-06-01"
"344","Singapore","SGP","SGD",3.95,1.52375,NA,"2007-06-01"
"345","South Africa","ZAF","ZAR",15.5,6.971,NA,"2007-06-01"
"346","South Korea","KOR","KRW",2900,922.5,NA,"2007-06-01"
"347","Sri Lanka","LKA","LKR",210,111.4,NA,"2007-06-01"
"348","Sweden","SWE","SEK",33,6.79165,NA,"2007-06-01"
"349","Switzerland","CHE","CHF",6.3,1.2112,NA,"2007-06-01"
"350","Taiwan","TWN","TWD",75,32.7705,NA,"2007-06-01"
"351","Thailand","THA","THB",62,34.455,NA,"2007-06-01"
"352","Turkey","TUR","TRY",4.75,1.2981,NA,"2007-06-01"
"353","UAE","ARE","AED",10,3.67285,NA,"2007-06-01"
"354","Ukraine","UKR","UAH",9.25,5.0275,NA,"2007-06-01"
"355","United States","USA","USD",3.41,1,NA,"2007-06-01"
"356","Uruguay","URY","UYU",62,23.945,NA,"2007-06-01"
"357","Venezuela","VEN","VEF",7400,2147.3,NA,"2007-06-01"
"358","Argentina","ARG","ARS",11,3.0195,NA,"2008-06-01"
"359","Australia","AUS","AUD",3.45,1.026,NA,"2008-06-01"
"360","Brazil","BRA","BRL",7.5,1.5846,NA,"2008-06-01"
"361","Britain","GBR","GBP",2.29,0.501039657,NA,"2008-06-01"
"362","Canada","CAN","CAD",4.09,1.00355,NA,"2008-06-01"
"363","Chile","CHL","CLP",1550,494.65,NA,"2008-06-01"
"364","China","CHN","CNY",12.5,6.834,NA,"2008-06-01"
"365","Colombia","COL","COP",7000,1798.65,NA,"2008-06-01"
"366","Costa Rica","CRI","CRC",1800,551.02,NA,"2008-06-01"
"367","Czech Republic","CZE","CZK",66.08,14.49795,NA,"2008-06-01"
"368","Denmark","DNK","DKK",28,4.7044,NA,"2008-06-01"
"369","Egypt","EGY","EGP",13,5.3125,NA,"2008-06-01"
"370","Euro area","EUZ","EUR",3.36856,0.630497147,NA,"2008-06-01"
"371","Hong Kong","HKG","HKD",13.3,7.7974,NA,"2008-06-01"
"372","Hungary","HUN","HUF",670,144.2578,NA,"2008-06-01"
"373","Indonesia","IDN","IDR",18700,9152,NA,"2008-06-01"
"374","Japan","JPN","JPY",280,106.855,NA,"2008-06-01"
"375","Malaysia","MYS","MYR",5.5,3.238,NA,"2008-06-01"
"376","Mexico","MEX","MXN",32,10.1685,NA,"2008-06-01"
"377","New Zealand","NZL","NZD",4.9,1.3177,NA,"2008-06-01"
"378","Norway","NOR","NOK",40,5.07915,NA,"2008-06-01"
"379","Pakistan","PAK","PKR",140,70.9,NA,"2008-06-01"
"380","Peru","PER","PEN",9.5,2.84,NA,"2008-06-01"
"381","Philippines","PHL","PHP",87,44.485,NA,"2008-06-01"
"382","Poland","POL","PLN",7,2.03145,NA,"2008-06-01"
"383","Russia","RUS","RUB",59,23.2336,NA,"2008-06-01"
"384","Saudi Arabia","SAU","SAR",10,3.74955,NA,"2008-06-01"
"385","Singapore","SGP","SGD",3.95,1.35275,NA,"2008-06-01"
"386","South Africa","ZAF","ZAR",16.95,7.56325,NA,"2008-06-01"
"387","South Korea","KOR","KRW",3200,1018.05,NA,"2008-06-01"
"388","Sri Lanka","LKA","LKR",210,107.55,NA,"2008-06-01"
"389","Sweden","SWE","SEK",38,5.96085,NA,"2008-06-01"
"390","Switzerland","CHE","CHF",6.5,1.02215,NA,"2008-06-01"
"391","Taiwan","TWN","TWD",75,30.3625,NA,"2008-06-01"
"392","Thailand","THA","THB",62,33.36,NA,"2008-06-01"
"393","Turkey","TUR","TRY",5.15,1.19275,NA,"2008-06-01"
"394","UAE","ARE","AED",10,3.67285,NA,"2008-06-01"
"395","Ukraine","UKR","UAH",11,4.6,NA,"2008-06-01"
"396","United States","USA","USD",3.57,1,NA,"2008-06-01"
"397","Uruguay","URY","UYU",61,19.15,NA,"2008-06-01"
"398","Argentina","ARG","ARS",11.5,3.81125,NA,"2009-07-01"
"399","Australia","AUS","AUD",4.34,1.2869,NA,"2009-07-01"
"400","Brazil","BRA","BRL",8.03,1.9971,NA,"2009-07-01"
"401","Britain","GBR","GBP",2.29,0.620886626,NA,"2009-07-01"
"402","Canada","CAN","CAD",3.89,1.16085,NA,"2009-07-01"
"403","Chile","CHL","CLP",1750,548.55,NA,"2009-07-01"
"404","China","CHN","CNY",12.5,6.8327,NA,"2009-07-01"
"405","Colombia","COL","COP",7000,2095.6,NA,"2009-07-01"
"406","Costa Rica","CRI","CRC",2000,582.57,NA,"2009-07-01"
"407","Czech Republic","CZE","CZK",67.92,18.66155,NA,"2009-07-01"
"408","Denmark","DNK","DKK",29.5,5.3375,NA,"2009-07-01"
"409","Egypt","EGY","EGP",13,5.58475,NA,"2009-07-01"
"410","Euro area","EUZ","EUR",3.31,0.716897269,NA,"2009-07-01"
"411","Hong Kong","HKG","HKD",13.3,7.7505,NA,"2009-07-01"
"412","Hungary","HUN","HUF",720,199.1577,NA,"2009-07-01"
"413","Indonesia","IDN","IDR",20900,10200,NA,"2009-07-01"
"414","Israel","ISR","ILS",15,3.97425,NA,"2009-07-01"
"415","Japan","JPN","JPY",320,92.565,NA,"2009-07-01"
"416","Malaysia","MYS","MYR",6.77,3.602,NA,"2009-07-01"
"417","Mexico","MEX","MXN",33,13.8104,NA,"2009-07-01"
"418","New Zealand","NZL","NZD",4.9,1.59235,NA,"2009-07-01"
"419","Norway","NOR","NOK",40,6.50925,NA,"2009-07-01"
"420","Pakistan","PAK","PKR",190,82.6,NA,"2009-07-01"
"421","Peru","PER","PEN",8.056,3.0274,NA,"2009-07-01"
"422","Philippines","PHL","PHP",99.39,48.385,NA,"2009-07-01"
"423","Poland","POL","PLN",7.6,3.15525,NA,"2009-07-01"
"424","Russia","RUS","RUB",67,32.7959,NA,"2009-07-01"
"425","Saudi Arabia","SAU","SAR",11,3.7504,NA,"2009-07-01"
"426","Singapore","SGP","SGD",4.22,1.4645,NA,"2009-07-01"
"427","South Africa","ZAF","ZAR",17.95,8.2805,NA,"2009-07-01"
"428","South Korea","KOR","KRW",3400,1314.5,NA,"2009-07-01"
"429","Sri Lanka","LKA","LKR",210,114.86,NA,"2009-07-01"
"430","Sweden","SWE","SEK",39,7.90915,NA,"2009-07-01"
"431","Switzerland","CHE","CHF",6.5,1.08605,NA,"2009-07-01"
"432","Taiwan","TWN","TWD",75,33.1755,NA,"2009-07-01"
"433","Thailand","THA","THB",64.49,34.165,NA,"2009-07-01"
"434","Turkey","TUR","TRY",5.65,1.55005,NA,"2009-07-01"
"435","UAE","ARE","AED",10,3.673,NA,"2009-07-01"
"436","Ukraine","UKR","UAH",14,7.66,NA,"2009-07-01"
"437","United States","USA","USD",3.57,1,NA,"2009-07-01"
"438","Uruguay","URY","UYU",61,23.17,NA,"2009-07-01"
"439","Argentina","ARG","ARS",7,3.7985,NA,"2010-01-01"
"440","Australia","AUS","AUD",4.35,1.09355,NA,"2010-01-01"
"441","Brazil","BRA","BRL",8.2,1.7233,NA,"2010-01-01"
"442","Britain","GBR","GBP",2.29,0.623752495,NA,"2010-01-01"
"443","Canada","CAN","CAD",4.12,1.0368,NA,"2010-01-01"
"444","Chile","CHL","CLP",1600,503.1,NA,"2010-01-01"
"445","China","CHN","CNY",12.5,6.8272,NA,"2010-01-01"
"446","Colombia","COL","COP",8200,2095.6,NA,"2010-01-01"
"447","Costa Rica","CRI","CRC",2050,582.57,NA,"2010-01-01"
"448","Czech Republic","CZE","CZK",67.64,18.21005,NA,"2010-01-01"
"449","Denmark","DNK","DKK",30.94,5.16195,NA,"2010-01-01"
"450","Egypt","EGY","EGP",13,5.465,NA,"2010-01-01"
"451","Euro area","EUZ","EUR",3.36,0.693649638,NA,"2010-01-01"
"452","Hong Kong","HKG","HKD",14.8,7.75655,NA,"2010-01-01"
"453","Hungary","HUN","HUF",720,186.6508,NA,"2010-01-01"
"454","Indonesia","IDN","IDR",20900,9320,NA,"2010-01-01"
"455","Israel","ISR","ILS",14.9,3.7325,NA,"2010-01-01"
"456","Japan","JPN","JPY",320,91.54,NA,"2010-01-01"
"457","Malaysia","MYS","MYR",7.05,3.3875,NA,"2010-01-01"
"458","Mexico","MEX","MXN",32,12.81375,NA,"2010-01-01"
"459","New Zealand","NZL","NZD",4.9,1.35685,NA,"2010-01-01"
"460","Norway","NOR","NOK",40,5.69555,NA,"2010-01-01"
"461","Pakistan","PAK","PKR",200,82.6,NA,"2010-01-01"
"462","Peru","PER","PEN",8.056,2.8705,NA,"2010-01-01"
"463","Philippines","PHL","PHP",101.52,45.92,NA,"2010-01-01"
"464","Poland","POL","PLN",8.1,2.83565,NA,"2010-01-01"
"465","Russia","RUS","RUB",70,29.927,NA,"2010-01-01"
"466","Saudi Arabia","SAU","SAR",10,3.7502,NA,"2010-01-01"
"467","Singapore","SGP","SGD",4.45,1.39555,NA,"2010-01-01"
"468","South Africa","ZAF","ZAR",17.95,7.3045,NA,"2010-01-01"
"469","South Korea","KOR","KRW",3400,1140.5,NA,"2010-01-01"
"470","Sri Lanka","LKA","LKR",210,114.86,NA,"2010-01-01"
"471","Sweden","SWE","SEK",39,7.0821,NA,"2010-01-01"
"472","Switzerland","CHE","CHF",6.5,1.03115,NA,"2010-01-01"
"473","Taiwan","TWN","TWD",75,31.8425,NA,"2010-01-01"
"474","Thailand","THA","THB",70,33.135,NA,"2010-01-01"
"475","Turkey","TUR","TRY",5.65,1.47455,NA,"2010-01-01"
"476","UAE","ARE","AED",11,3.673,NA,"2010-01-01"
"477","Ukraine","UKR","UAH",14,7.66,NA,"2010-01-01"
"478","United States","USA","USD",3.58,1,NA,"2010-01-01"
"479","Uruguay","URY","UYU",77,23.17,NA,"2010-01-01"
"480","Argentina","ARG","ARS",14,3.93375,NA,"2010-07-01"
"481","Australia","AUS","AUD",4.35,1.133722578,NA,"2010-07-01"
"482","Brazil","BRA","BRL",8.71,1.77495,NA,"2010-07-01"
"483","Britain","GBR","GBP",2.29,0.657375756,NA,"2010-07-01"
"484","Canada","CAN","CAD",4.17,1.04235,NA,"2010-07-01"
"485","Chile","CHL","CLP",1750,523.65,NA,"2010-07-01"
"486","China","CHN","CNY",13.2,6.7769,NA,"2010-07-01"
"487","Colombia","COL","COP",8200,1868.45,NA,"2010-07-01"
"488","Costa Rica","CRI","CRC",2000,522.115,NA,"2010-07-01"
"489","Czech Republic","CZE","CZK",67.64,19.7476,NA,"2010-07-01"
"490","Denmark","DNK","DKK",28.5,5.81365,NA,"2010-07-01"
"491","Egypt","EGY","EGP",13,5.699,NA,"2010-07-01"
"492","Euro area","EUZ","EUR",3.380031071,0.78015291,NA,"2010-07-01"
"493","Hong Kong","HKG","HKD",14.8,7.7742,NA,"2010-07-01"
"494","Hungary","HUN","HUF",740,221.96915,NA,"2010-07-01"
"495","Indonesia","IDN","IDR",22780,9063,NA,"2010-07-01"
"496","Israel","ISR","ILS",14.9,3.8619,NA,"2010-07-01"
"497","Japan","JPN","JPY",320,87.18,NA,"2010-07-01"
"498","Malaysia","MYS","MYR",7.05,3.2135,NA,"2010-07-01"
"499","Mexico","MEX","MXN",32,12.782,NA,"2010-07-01"
"500","New Zealand","NZL","NZD",5,1.39275766,NA,"2010-07-01"
"501","Norway","NOR","NOK",45,6.24625,NA,"2010-07-01"
"502","Pakistan","PAK","PKR",210,85.525,NA,"2010-07-01"
"503","Peru","PER","PEN",10,2.8275,NA,"2010-07-01"
"504","Philippines","PHL","PHP",102,46.47,NA,"2010-07-01"
"505","Poland","POL","PLN",8.3,3.1969,NA,"2010-07-01"
"506","Russia","RUS","RUB",71,30.44325,NA,"2010-07-01"
"507","Saudi Arabia","SAU","SAR",10,3.75045,NA,"2010-07-01"
"508","Singapore","SGP","SGD",4.23,1.3742,NA,"2010-07-01"
"509","South Africa","ZAF","ZAR",18.45,7.5365,NA,"2010-07-01"
"510","South Korea","KOR","KRW",3400,1204.45,NA,"2010-07-01"
"511","Sri Lanka","LKA","LKR",210,112.775,NA,"2010-07-01"
"512","Sweden","SWE","SEK",48.4,7.37355,NA,"2010-07-01"
"513","Switzerland","CHE","CHF",6.5,1.05085,NA,"2010-07-01"
"514","Taiwan","TWN","TWD",75,32.1055,NA,"2010-07-01"
"515","Thailand","THA","THB",70,32.305,NA,"2010-07-01"
"516","Turkey","TUR","TRY",5.95,1.5293,NA,"2010-07-01"
"517","UAE","ARE","AED",11,3.67285,NA,"2010-07-01"
"518","Ukraine","UKR","UAH",14.5,7.899,NA,"2010-07-01"
"519","United States","USA","USD",3.733333333,1,NA,"2010-07-01"
"520","Uruguay","URY","UYU",79,21.1,NA,"2010-07-01"
"521","Argentina","ARG","ARS",20,4.1325,9138.177,"2011-07-01"
"522","Australia","AUS","AUD",4.56,0.922381589,55589.549,"2011-07-01"
"523","Austria","AUT","EUR",3.09,0.697520315,44986.583,"2011-07-01"
"524","Belgium","BEL","EUR",3.75,0.697520315,42630.113,"2011-07-01"
"525","Brazil","BRA","BRL",9.5,1.5416,10816.487,"2011-07-01"
"526","Britain","GBR","GBP",2.39,0.614137444,36119.846,"2011-07-01"
"527","Canada","CAN","CAD",4.73,0.94585,46214.914,"2011-07-01"
"528","Chile","CHL","CLP",1850,462.75,11827.958,"2011-07-01"
"529","China","CHN","CNY",14.65,6.445,4382.136,"2011-07-01"
"530","Colombia","COL","COP",8400,1770.5,6273.372,"2011-07-01"
"531","Costa Rica","CRI","CRC",2050,504.305,NA,"2011-07-01"
"532","Czech Republic","CZE","CZK",69.32,17.0219,18288.284,"2011-07-01"
"533","Denmark","DNK","DKK",28.5,5.19845,56147.143,"2011-07-01"
"534","Egypt","EGY","EGP",14.09,5.962,2788.829,"2011-07-01"
"535","Estonia","EST","EUR",2.2,0.697520315,14835.96,"2011-07-01"
"536","Euro area","EUZ","EUR",3.437660401,0.697520315,36947,"2011-07-01"
"537","Finland","FIN","EUR",3.75,0.697520315,44488.643,"2011-07-01"
"538","France","FRA","EUR",3.5,0.697520315,41018.597,"2011-07-01"
"539","Germany","DEU","EUR",3.4,0.697520315,40631.243,"2011-07-01"
"540","Greece","GRC","EUR",3.26,0.697520315,27301.544,"2011-07-01"
"541","Hong Kong","HKG","HKD",15.1,7.7918,31590.681,"2011-07-01"
"542","Hungary","HUN","HUF",760,188.0724,12879.296,"2011-07-01"
"543","India","IND","INR",84,44.4,1264.839,"2011-07-01"
"544","Indonesia","IDN","IDR",22534,8523,3015.374,"2011-07-01"
"545","Ireland","IRL","EUR",3.8,0.697520315,45688.759,"2011-07-01"
"546","Israel","ISR","ILS",15.9,3.40335,28685.616,"2011-07-01"
"547","Italy","ITA","EUR",3.5,0.697520315,34058.72,"2011-07-01"
"548","Japan","JPN","JPY",320,78.365,42820.392,"2011-07-01"
"549","Malaysia","MYS","MYR",7.2,2.973,8423.176,"2011-07-01"
"550","Mexico","MEX","MXN",32,11.67075,9565.962,"2011-07-01"
"551","Netherlands","NLD","EUR",3.25,0.697520315,47172.14,"2011-07-01"
"552","New Zealand","NZL","NZD",5.1,1.156069364,32145.233,"2011-07-01"
"553","Norway","NOR","NOK",45,5.41405,84443.634,"2011-07-01"
"554","Pakistan","PAK","PKR",205.13,86.345,1049.749,"2011-07-01"
"555","Peru","PER","PEN",10,2.7375,5171.651,"2011-07-01"
"556","Philippines","PHL","PHP",118,42.41,2007.362,"2011-07-01"
"557","Poland","POL","PLN",8.63,2.7968,12300.126,"2011-07-01"
"558","Portugal","PRT","EUR",2.9,0.697520315,21558.78,"2011-07-01"
"559","Russia","RUS","RUB",75,27.7525,10437.49,"2011-07-01"
"560","Saudi Arabia","SAU","SAR",10,3.7502,16995.78,"2011-07-01"
"561","Singapore","SGP","SGD",4.41,1.20705,43116.689,"2011-07-01"
"562","South Africa","ZAF","ZAR",19.45,6.76885,7157.801,"2011-07-01"
"563","South Korea","KOR","KRW",3700,1056.2,20590.962,"2011-07-01"
"564","Spain","ESP","EUR",3.5,0.697520315,30639.295,"2011-07-01"
"565","Sri Lanka","LKA","LKR",280,109.475,NA,"2011-07-01"
"566","Sweden","SWE","SEK",48.4,6.3352,48874.608,"2011-07-01"
"567","Switzerland","CHE","CHF",6.5,0.80615,67245.997,"2011-07-01"
"568","Taiwan","TWN","TWD",75,28.834,18457.752,"2011-07-01"
"569","Thailand","THA","THB",70,29.75,4991.525,"2011-07-01"
"570","Turkey","TUR","TRY",6.5,1.72285,10398.685,"2011-07-01"
"571","UAE","ARE","AED",12,3.67305,NA,"2011-07-01"
"572","Ukraine","UKR","UAH",16.5,7.994,NA,"2011-07-01"
"573","United States","USA","USD",4.065,1,47283.633,"2011-07-01"
"574","Uruguay","URY","UYU",90,18.45,NA,"2011-07-01"
"575","Venezuela","VEN","VEF",28,4.29465,NA,"2011-07-01"
"576","Argentina","ARG","ARS",20,4.3135,9138.177,"2012-01-01"
"577","Australia","AUS","AUD",4.8,0.972337012,55589.549,"2012-01-01"
"578","Austria","AUT","EUR",3.09,0.788239467,44986.583,"2012-01-01"
"579","Belgium","BEL","EUR",3.7,0.788239467,42630.113,"2012-01-01"
"580","Brazil","BRA","BRL",10.25,1.805,10816.487,"2012-01-01"
"581","Britain","GBR","GBP",2.49,0.651253663,36119.846,"2012-01-01"
"582","Canada","CAN","CAD",4.73,1.02095,46214.914,"2012-01-01"
"583","Chile","CHL","CLP",2050,506.05,11827.958,"2012-01-01"
"584","China","CHN","CNY",15.4,6.3155,4382.136,"2012-01-01"
"585","Colombia","COL","COP",8400,1852.15,6273.372,"2012-01-01"
"586","Costa Rica","CRI","CRC",2050,509.54,NA,"2012-01-01"
"587","Czech Republic","CZE","CZK",70.22,20.36535,18288.284,"2012-01-01"
"588","Denmark","DNK","DKK",31.5,5.86135,56147.143,"2012-01-01"
"589","Egypt","EGY","EGP",15.5,6.037,2788.829,"2012-01-01"
"590","Estonia","EST","EUR",2.04,0.788239467,14835.96,"2012-01-01"
"591","Euro area","EUZ","EUR",3.49245637,0.788239467,36947,"2012-01-01"
"592","Finland","FIN","EUR",3.75,0.788239467,44488.643,"2012-01-01"
"593","France","FRA","EUR",3.6,0.788239467,41018.597,"2012-01-01"
"594","Germany","DEU","EUR",3.53,0.788239467,40631.243,"2012-01-01"
"595","Greece","GRC","EUR",3.3,0.788239467,27301.544,"2012-01-01"
"596","Hong Kong","HKG","HKD",16.5,7.76735,31590.681,"2012-01-01"
"597","Hungary","HUN","HUF",645,245.69425,12879.296,"2012-01-01"
"598","India","IND","INR",84,51.905,1264.839,"2012-01-01"
"599","Indonesia","IDN","IDR",22534,9160,3015.374,"2012-01-01"
"600","Ireland","IRL","EUR",3.8,0.788239467,45688.759,"2012-01-01"
"601","Israel","ISR","ILS",15.9,3.8485,28685.616,"2012-01-01"
"602","Italy","ITA","EUR",3.5,0.788239467,34058.72,"2012-01-01"
"603","Japan","JPN","JPY",320,76.92,42820.392,"2012-01-01"
"604","Malaysia","MYS","MYR",7.35,3.13955,8423.176,"2012-01-01"
"605","Mexico","MEX","MXN",37,13.6844,9565.962,"2012-01-01"
"606","Netherlands","NLD","EUR",3.25,0.788239467,47172.14,"2012-01-01"
"607","New Zealand","NZL","NZD",5.1,1.26000126,32145.233,"2012-01-01"
"608","Norway","NOR","NOK",41,6.0399,84443.634,"2012-01-01"
"609","Pakistan","PAK","PKR",260,90.05,1049.749,"2012-01-01"
"610","Peru","PER","PEN",10,2.6925,5171.651,"2012-01-01"
"611","Philippines","PHL","PHP",118,44.005,2007.362,"2012-01-01"
"612","Poland","POL","PLN",9.1,3.52045,12300.126,"2012-01-01"
"613","Portugal","PRT","EUR",2.9,0.788239467,21558.78,"2012-01-01"
"614","Russia","RUS","RUB",81,31.7693,10437.49,"2012-01-01"
"615","Saudi Arabia","SAU","SAR",10,3.7502,16995.78,"2012-01-01"
"616","Singapore","SGP","SGD",4.85,1.2928,43116.689,"2012-01-01"
"617","South Africa","ZAF","ZAR",19.95,8.1304,7157.801,"2012-01-01"
"618","South Korea","KOR","KRW",3700,1158.75,20590.962,"2012-01-01"
"619","Spain","ESP","EUR",3.5,0.788239467,30639.295,"2012-01-01"
"620","Sri Lanka","LKA","LKR",290,113.93,NA,"2012-01-01"
"621","Sweden","SWE","SEK",41,6.9338,48874.608,"2012-01-01"
"622","Switzerland","CHE","CHF",6.5,0.9551,67245.997,"2012-01-01"
"623","Taiwan","TWN","TWD",75,29.9795,18457.752,"2012-01-01"
"624","Thailand","THA","THB",78,31.75,4991.525,"2012-01-01"
"625","Turkey","TUR","TRY",6.6,1.86295,10398.685,"2012-01-01"
"626","UAE","ARE","AED",12,3.673,NA,"2012-01-01"
"627","Ukraine","UKR","UAH",17,8.0405,NA,"2012-01-01"
"628","United States","USA","USD",4.19722,1,47283.633,"2012-01-01"
"629","Uruguay","URY","UYU",90,19.45,NA,"2012-01-01"
"630","Venezuela","VEN","VEF",30,4.29465,NA,"2012-01-01"
"631","Argentina","ARG","ARS",19,4.56625,9138.177,"2012-07-01"
"632","Australia","AUS","AUD",4.56,0.974326497,55589.549,"2012-07-01"
"633","Austria","AUT","EUR",3.19,0.824844311,44986.583,"2012-07-01"
"634","Belgium","BEL","EUR",3.8,0.824844311,42630.113,"2012-07-01"
"635","Brazil","BRA","BRL",10.08,2.04215,10816.487,"2012-07-01"
"636","Britain","GBR","GBP",2.69,0.646266197,36119.846,"2012-07-01"
"637","Canada","CAN","CAD",5.12,1.01945,46214.914,"2012-07-01"
"638","Chile","CHL","CLP",2050,493.05,11827.958,"2012-07-01"
"639","China","CHN","CNY",15.65,6.3885,4382.136,"2012-07-01"
"640","Colombia","COL","COP",8600,1804.475,6273.372,"2012-07-01"
"641","Czech Republic","CZE","CZK",70.33,21.048,18288.284,"2012-07-01"
"642","Denmark","DNK","DKK",28.5,6.1356,56147.143,"2012-07-01"
"643","Egypt","EGY","EGP",16,6.0665,2788.829,"2012-07-01"
"644","Estonia","EST","EUR",2.04,0.824844311,14835.96,"2012-07-01"
"645","Euro area","EUZ","EUR",3.583482241,0.824844311,36947,"2012-07-01"
"646","Finland","FIN","EUR",3.75,0.824844311,44488.643,"2012-07-01"
"647","France","FRA","EUR",3.6,0.824844311,41018.597,"2012-07-01"
"648","Germany","DEU","EUR",3.64,0.824844311,40631.243,"2012-07-01"
"649","Greece","GRC","EUR",2.683,0.824844311,27301.544,"2012-07-01"
"650","Hong Kong","HKG","HKD",16.5,7.75815,31590.681,"2012-07-01"
"651","Hungary","HUN","HUF",830,238.2151,12879.296,"2012-07-01"
"652","India","IND","INR",89,56.165,1264.839,"2012-07-01"
"653","Indonesia","IDN","IDR",24200,9482.5,3015.374,"2012-07-01"
"654","Ireland","IRL","EUR",3.49,0.824844311,45688.759,"2012-07-01"
"655","Israel","ISR","ILS",11.9,4.07625,28685.616,"2012-07-01"
"656","Italy","ITA","EUR",3.6,0.824844311,34058.72,"2012-07-01"
"657","Japan","JPN","JPY",320,78.22,42820.392,"2012-07-01"
"658","Malaysia","MYS","MYR",7.4,3.1735,8423.176,"2012-07-01"
"659","Mexico","MEX","MXN",37,13.687,9565.962,"2012-07-01"
"660","Netherlands","NLD","EUR",3.38,0.824844311,47172.14,"2012-07-01"
"661","New Zealand","NZL","NZD",5.1,1.273560876,32145.233,"2012-07-01"
"662","Norway","NOR","NOK",43,6.09205,84443.634,"2012-07-01"
"663","Pakistan","PAK","PKR",285,94.605,1049.749,"2012-07-01"
"664","Philippines","PHL","PHP",118,42.2,2007.362,"2012-07-01"
"665","Poland","POL","PLN",9.1,3.46035,12300.126,"2012-07-01"
"666","Portugal","PRT","EUR",4.95,0.824844311,21558.78,"2012-07-01"
"667","Russia","RUS","RUB",75,32.76525,10437.49,"2012-07-01"
"668","Saudi Arabia","SAU","SAR",10,3.75025,16995.78,"2012-07-01"
"669","Singapore","SGP","SGD",4.4,1.2585,43116.689,"2012-07-01"
"670","South Africa","ZAF","ZAR",19.95,8.4683,7157.801,"2012-07-01"
"671","South Korea","KOR","KRW",3700,1151,20590.962,"2012-07-01"
"672","Spain","ESP","EUR",3.5,0.824844311,30639.295,"2012-07-01"
"673","Sri Lanka","LKA","LKR",290,131,NA,"2012-07-01"
"674","Sweden","SWE","SEK",39.97301987,6.9777,48874.608,"2012-07-01"
"675","Switzerland","CHE","CHF",6.5,0.9906,67245.997,"2012-07-01"
"676","Taiwan","TWN","TWD",75,30.1955,18457.752,"2012-07-01"
"677","Thailand","THA","THB",82,31.7,4991.525,"2012-07-01"
"678","Turkey","TUR","TRY",8.25,1.8269,10398.685,"2012-07-01"
"679","UAE","ARE","AED",12,3.67295,NA,"2012-07-01"
"680","Ukraine","UKR","UAH",15,8.0855,NA,"2012-07-01"
"681","United States","USA","USD",4.3275,1,47283.633,"2012-07-01"
"682","Uruguay","URY","UYU",99,21.87,NA,"2012-07-01"
"683","Venezuela","VEN","VEF",34,4.29465,NA,"2012-07-01"
"684","Argentina","ARG","ARS",19,4.9765,10959.082,"2013-01-01"
"685","Australia","AUS","AUD",4.7,0.959094615,66371.218,"2013-01-01"
"686","Austria","AUT","EUR",3.39,0.736946829,49687.509,"2013-01-01"
"687","Belgium","BEL","EUR",3.8,0.736946829,46989.381,"2013-01-01"
"688","Brazil","BRA","BRL",11.25,1.99335,12788.551,"2013-01-01"
"689","Britain","GBR","GBP",2.69,0.633211968,38811.424,"2013-01-01"
"690","Canada","CAN","CAD",5.41,1.0029,50496.043,"2013-01-01"
"691","Chile","CHL","CLP",2050,471.75,14403.111,"2013-01-01"
"692","China","CHN","CNY",16,6.2204,5416.668,"2013-01-01"
"693","Colombia","COL","COP",8600,1773.175,7114.33,"2013-01-01"
"694","Costa Rica","CRI","CRC",2200,500.83,NA,"2013-01-01"
"695","Czech Republic","CZE","CZK",70.33,18.89495,20435.875,"2013-01-01"
"696","Denmark","DNK","DKK",28.5,5.49795,59708.962,"2013-01-01"
"697","Egypt","EGY","EGP",16,6.68575,2931.827,"2013-01-01"
"698","Estonia","EST","EUR",2.7,0.736946829,16568.203,"2013-01-01"
"699","Euro area","EUZ","EUR",3.594849572,0.736946829,40137.01059,"2013-01-01"
"700","Finland","FIN","EUR",3.75,0.736946829,48782.645,"2013-01-01"
"701","France","FRA","EUR",3.6,0.736946829,44007.331,"2013-01-01"
"702","Germany","DEU","EUR",3.64,0.736946829,44110.989,"2013-01-01"
"703","Greece","GRC","EUR",3.3,0.736946829,26734.876,"2013-01-01"
"704","Hong Kong","HKG","HKD",17,7.7591,34259.337,"2013-01-01"
"705","Hungary","HUN","HUF",830,217.46935,14050.009,"2013-01-01"
"706","India","IND","INR",89,53.395,1513.618,"2013-01-01"
"707","Indonesia","IDN","IDR",27939,9767.5,3511.799,"2013-01-01"
"708","Ireland","IRL","EUR",3.49,0.736946829,48288.731,"2013-01-01"
"709","Israel","ISR","ILS",14.9,3.72455,32350.817,"2013-01-01"
"710","Italy","ITA","EUR",3.85,0.736946829,36266.876,"2013-01-01"
"711","Japan","JPN","JPY",320,91.065,45869.72,"2013-01-01"
"712","Malaysia","MYS","MYR",7.95,3.083,10084.608,"2013-01-01"
"713","Mexico","MEX","MXN",37,12.7384,10146.041,"2013-01-01"
"714","Netherlands","NLD","EUR",3.45,0.736946829,50216.422,"2013-01-01"
"715","New Zealand","NZL","NZD",5.2,1.202428906,35973.02,"2013-01-01"
"716","Norway","NOR","NOK",43,5.4831,97607.32,"2013-01-01"
"717","Pakistan","PAK","PKR",290,97.665,1199.111,"2013-01-01"
"718","Peru","PER","PEN",10,2.5595,5904.494,"2013-01-01"
"719","Philippines","PHL","PHP",118,40.6,2344.889,"2013-01-01"
"720","Poland","POL","PLN",9.1,3.092,13468.655,"2013-01-01"
"721","Portugal","PRT","EUR",2.95,0.736946829,22358.894,"2013-01-01"
"722","Russia","RUS","RUB",72.88,30.045,12993.358,"2013-01-01"
"723","Saudi Arabia","SAU","SAR",11,3.7502,21196.287,"2013-01-01"
"724","Singapore","SGP","SGD",4.5,1.23485,49270.872,"2013-01-01"
"725","South Africa","ZAF","ZAR",20.9,9.047,8078.451,"2013-01-01"
"726","South Korea","KOR","KRW",3700,1085.475,22424.062,"2013-01-01"
"727","Spain","ESP","EUR",3.5,0.736946829,32077.084,"2013-01-01"
"728","Sri Lanka","LKA","LKR",350,126.45,NA,"2013-01-01"
"729","Sweden","SWE","SEK",40.55930138,6.3492,57638.234,"2013-01-01"
"730","Switzerland","CHE","CHF",6.5,0.9123,83072.845,"2013-01-01"
"731","Taiwan","TWN","TWD",75,29.502,20082.918,"2013-01-01"
"732","Thailand","THA","THB",87,29.755,5394.714,"2013-01-01"
"733","Turkey","TUR","TRY",8.45,1.76875,10362.609,"2013-01-01"
"734","UAE","ARE","AED",12,3.67305,NA,"2013-01-01"
"735","Ukraine","UKR","UAH",19,8.144,NA,"2013-01-01"
"736","United States","USA","USD",4.367395833,1,48327.861,"2013-01-01"
"737","Uruguay","URY","UYU",105,19.28,NA,"2013-01-01"
"738","Venezuela","VEN","VEF",39,4.29465,NA,"2013-01-01"
"739","Argentina","ARG","ARS",21,5.4125,10959.082,"2013-07-01"
"740","Australia","AUS","AUD",5.035,1.089858863,66371.218,"2013-07-01"
"741","Austria","AUT","EUR",3.39,0.777756173,49687.509,"2013-07-01"
"742","Belgium","BEL","EUR",3.7,0.777756173,46989.381,"2013-07-01"
"743","Brazil","BRA","BRL",12,2.27065,12788.551,"2013-07-01"
"744","Britain","GBR","GBP",2.69,0.669142494,38811.424,"2013-07-01"
"745","Canada","CAN","CAD",5.53,1.05125,50496.043,"2013-07-01"
"746","Chile","CHL","CLP",2000,508.155,14403.111,"2013-07-01"
"747","China","CHN","CNY",16,6.1341,5416.668,"2013-07-01"
"748","Colombia","COL","COP",8600,1921,7114.33,"2013-07-01"
"749","Costa Rica","CRI","CRC",2150,498.675,NA,"2013-07-01"
"750","Czech Republic","CZE","CZK",70.45,20.1828,20435.875,"2013-07-01"
"751","Denmark","DNK","DKK",28.5,5.8006,59708.962,"2013-07-01"
"752","Egypt","EGY","EGP",16.75,7.00915,2931.827,"2013-07-01"
"753","Estonia","EST","EUR",2.75,0.777756173,16568.203,"2013-07-01"
"754","Euro area","EUZ","EUR",3.623870489,0.777756173,40137.01059,"2013-07-01"
"755","Finland","FIN","EUR",4.1,0.777756173,48782.645,"2013-07-01"
"756","France","FRA","EUR",3.9,0.777756173,44007.331,"2013-07-01"
"757","Germany","DEU","EUR",3.64,0.777756173,44110.989,"2013-07-01"
"758","Greece","GRC","EUR",2.6,0.777756173,26734.876,"2013-07-01"
"759","Hong Kong","HKG","HKD",17,7.75665,34259.337,"2013-07-01"
"760","Hungary","HUN","HUF",860,228.462,14050.009,"2013-07-01"
"761","India","IND","INR",90,59.98,1513.618,"2013-07-01"
"762","Indonesia","IDN","IDR",27939,9965,3511.799,"2013-07-01"
"763","Ireland","IRL","EUR",3.46,0.777756173,48288.731,"2013-07-01"
"764","Israel","ISR","ILS",17.5,3.64595,32350.817,"2013-07-01"
"765","Italy","ITA","EUR",3.75,0.777756173,36266.876,"2013-07-01"
"766","Japan","JPN","JPY",320,100.105,45869.72,"2013-07-01"
"767","Malaysia","MYS","MYR",7.3,3.1805,10084.608,"2013-07-01"
"768","Mexico","MEX","MXN",37,12.94115,10146.041,"2013-07-01"
"769","Netherlands","NLD","EUR",3.45,0.777756173,50216.422,"2013-07-01"
"770","New Zealand","NZL","NZD",5.5,1.279344975,35973.02,"2013-07-01"
"771","Norway","NOR","NOK",46,6.1281,97607.32,"2013-07-01"
"772","Pakistan","PAK","PKR",300,100.035,1199.111,"2013-07-01"
"773","Peru","PER","PEN",10,2.783,5904.494,"2013-07-01"
"774","Philippines","PHL","PHP",115.21,43.44,2344.889,"2013-07-01"
"775","Poland","POL","PLN",9.2,3.3655,13468.655,"2013-07-01"
"776","Portugal","PRT","EUR",2.95,0.777756173,22358.894,"2013-07-01"
"777","Russia","RUS","RUB",87,32.9389,12993.358,"2013-07-01"
"778","Saudi Arabia","SAU","SAR",10,3.7502,21196.287,"2013-07-01"
"779","Singapore","SGP","SGD",4.7,1.2747,49270.872,"2013-07-01"
"780","South Africa","ZAF","ZAR",22.5,10.04725,8078.451,"2013-07-01"
"781","South Korea","KOR","KRW",3900,1135.7,22424.062,"2013-07-01"
"782","Spain","ESP","EUR",3.5,0.777756173,32077.084,"2013-07-01"
"783","Sri Lanka","LKA","LKR",370,130.8,NA,"2013-07-01"
"784","Sweden","SWE","SEK",41.61,6.7583,57638.234,"2013-07-01"
"785","Switzerland","CHE","CHF",6.5,0.9674,83072.845,"2013-07-01"
"786","Taiwan","TWN","TWD",79,30.0285,20082.918,"2013-07-01"
"787","Thailand","THA","THB",89,31.275,5394.714,"2013-07-01"
"788","Turkey","TUR","TRY",8.5,1.95745,10362.609,"2013-07-01"
"789","UAE","ARE","AED",12,3.673,NA,"2013-07-01"
"790","Ukraine","UKR","UAH",19,8.155,NA,"2013-07-01"
"791","United States","USA","USD",4.556666667,1,48327.861,"2013-07-01"
"792","Uruguay","URY","UYU",105,21.085,NA,"2013-07-01"
"793","Venezuela","VEN","VEF",45,6.2921,NA,"2013-07-01"
"794","Argentina","ARG","ARS",21,6.92125,10959.082,"2014-01-01"
"795","Australia","AUS","AUD",5.05,1.128859288,66371.218,"2014-01-01"
"796","Austria","AUT","EUR",3.39,0.737218475,49687.509,"2014-01-01"
"797","Belgium","BEL","EUR",3.95,0.737218475,46989.381,"2014-01-01"
"798","Brazil","BRA","BRL",12.4,2.36305,12788.551,"2014-01-01"
"799","Britain","GBR","GBP",2.79,0.603009015,38811.424,"2014-01-01"
"800","Canada","CAN","CAD",5.54,1.1051,50496.043,"2014-01-01"
"801","Chile","CHL","CLP",2000,541.95,14403.111,"2014-01-01"
"802","China","CHN","CNY",16.6,6.0513,5416.668,"2014-01-01"
"803","Colombia","COL","COP",8600,1982.795,7114.33,"2014-01-01"
"804","Costa Rica","CRI","CRC",2150,501.92,NA,"2014-01-01"
"805","Czech Republic","CZE","CZK",70.45,20.2838,20435.875,"2014-01-01"
"806","Denmark","DNK","DKK",28.5,5.5014,59708.962,"2014-01-01"
"807","Egypt","EGY","EGP",16.93,6.961,2931.827,"2014-01-01"
"808","Estonia","EST","EUR",2.8,0.737218475,16568.203,"2014-01-01"
"809","Euro area","EUZ","EUR",3.657962724,0.737218475,40137.01059,"2014-01-01"
"810","Finland","FIN","EUR",4.1,0.737218475,48782.645,"2014-01-01"
"811","France","FRA","EUR",3.8,0.737218475,44007.331,"2014-01-01"
"812","Germany","DEU","EUR",3.67,0.737218475,44110.989,"2014-01-01"
"813","Greece","GRC","EUR",3.05,0.737218475,26734.876,"2014-01-01"
"814","Hong Kong","HKG","HKD",18,7.75785,34259.337,"2014-01-01"
"815","Hungary","HUN","HUF",860,223.09705,14050.009,"2014-01-01"
"816","India","IND","INR",95,61.845,1513.618,"2014-01-01"
"817","Indonesia","IDN","IDR",27939,12140,3511.799,"2014-01-01"
"818","Ireland","IRL","EUR",3.46,0.737218475,48288.731,"2014-01-01"
"819","Israel","ISR","ILS",17.5,3.4882,32350.817,"2014-01-01"
"820","Italy","ITA","EUR",3.85,0.737218475,36266.876,"2014-01-01"
"821","Japan","JPN","JPY",310,104.245,45869.72,"2014-01-01"
"822","Lithuania","LTU","EUR",8.8,2.5454,NA,"2014-01-01"
"823","Malaysia","MYS","MYR",7.4,3.3235,10084.608,"2014-01-01"
"824","Mexico","MEX","MXN",37,13.33275,10146.041,"2014-01-01"
"825","Netherlands","NLD","EUR",3.45,0.737218475,50216.422,"2014-01-01"
"826","New Zealand","NZL","NZD",5.5,1.203007519,35973.02,"2014-01-01"
"827","Norway","NOR","NOK",48,6.15745,97607.32,"2014-01-01"
"828","Pakistan","PAK","PKR",320,105.415,1199.111,"2014-01-01"
"829","Peru","PER","PEN",10,2.8065,5904.494,"2014-01-01"
"830","Philippines","PHL","PHP",135,45.23,2344.889,"2014-01-01"
"831","Poland","POL","PLN",9.2,3.0684,13468.655,"2014-01-01"
"832","Portugal","PRT","EUR",3,0.737218475,22358.894,"2014-01-01"
"833","Russia","RUS","RUB",89,33.93925,12993.358,"2014-01-01"
"834","Saudi Arabia","SAU","SAR",11,3.7504,21196.287,"2014-01-01"
"835","Singapore","SGP","SGD",4.6,1.27885,49270.872,"2014-01-01"
"836","South Africa","ZAF","ZAR",23.5,10.87765,8078.451,"2014-01-01"
"837","South Korea","KOR","KRW",3700,1067.3,22424.062,"2014-01-01"
"838","Spain","ESP","EUR",3.65,0.737218475,32077.084,"2014-01-01"
"839","Sri Lanka","LKA","LKR",350,130.8,NA,"2014-01-01"
"840","Sweden","SWE","SEK",40.7,6.47315,57638.234,"2014-01-01"
"841","Switzerland","CHE","CHF",6.5,0.91005,83072.845,"2014-01-01"
"842","Taiwan","TWN","TWD",79,30.161,20082.918,"2014-01-01"
"843","Thailand","THA","THB",96,32.875,5394.714,"2014-01-01"
"844","Turkey","TUR","TRY",8.5,2.26155,10362.609,"2014-01-01"
"845","UAE","ARE","AED",12,3.673,NA,"2014-01-01"
"846","Ukraine","UKR","UAH",19,8.379,NA,"2014-01-01"
"847","United States","USA","USD",4.624166667,1,48327.861,"2014-01-01"
"848","Uruguay","URY","UYU",105,21.38,NA,"2014-01-01"
"849","Venezuela","VEN","VEF",45,6.2921,NA,"2014-01-01"
"850","Argentina","ARG","ARS",21,8.16875,11582.48,"2014-07-01"
"851","Australia","AUS","AUD",5.1,1.059378145,67855.88,"2014-07-01"
"852","Austria","AUT","EUR",3.39,0.742748914,46620.235,"2014-07-01"
"853","Belgium","BEL","EUR",3.7,0.742748914,43553.781,"2014-07-01"
"854","Brazil","BRA","BRL",13,2.22025,11437.393,"2014-07-01"
"855","Britain","GBR","GBP",2.89,0.586785589,38999.208,"2014-07-01"
"856","Canada","CAN","CAD",5.64,1.07405,52488.725,"2014-07-01"
"857","Chile","CHL","CLP",2100,564.14,15300.352,"2014-07-01"
"858","China","CHN","CNY",16.9,6.1983,6077.65,"2014-07-01"
"859","Colombia","COL","COP",8600,1847.65,7935.716,"2014-07-01"
"860","Costa Rica","CRI","CRC",2150,537.3,NA,"2014-07-01"
"861","Czech Republic","CZE","CZK",70.45,20.3877,18699.467,"2014-07-01"
"862","Denmark","DNK","DKK",28.5,5.5388,56475.85,"2014-07-01"
"863","Egypt","EGY","EGP",16.93,7.15005,3178.951,"2014-07-01"
"864","Estonia","EST","EUR",2.9,0.742748914,17295.228,"2014-07-01"
"865","Euro area","EUZ","EUR",3.67923829,0.742748914,36888.30379,"2014-07-01"
"866","Finland","FIN","EUR",4.1,0.742748914,45567.519,"2014-07-01"
"867","France","FRA","EUR",3.9,0.742748914,41223.213,"2014-07-01"
"868","Germany","DEU","EUR",3.67,0.742748914,42569.471,"2014-07-01"
"869","Greece","GRC","EUR",3.05,0.742748914,22346.584,"2014-07-01"
"870","Hong Kong","HKG","HKD",18.8,7.75045,36590.443,"2014-07-01"
"871","Hungary","HUN","HUF",860,228.30615,12543.959,"2014-07-01"
"872","India","IND","INR",105,60.08875,1514.634,"2014-07-01"
"873","Indonesia","IDN","IDR",27939,11505,3590.662,"2014-07-01"
"874","Ireland","IRL","EUR",3.49,0.742748914,45961.959,"2014-07-01"
"875","Israel","ISR","ILS",17.5,3.4138,33450.928,"2014-07-01"
"876","Italy","ITA","EUR",3.85,0.742748914,33915.461,"2014-07-01"
"877","Japan","JPN","JPY",370,101.53,46530.384,"2014-07-01"
"878","Lithuania","LTU","EUR",8.95,2.56455,NA,"2014-07-01"
"879","Malaysia","MYS","MYR",7.63,3.1675,10387.16,"2014-07-01"
"880","Mexico","MEX","MXN",42,12.93255,10110.686,"2014-07-01"
"881","Netherlands","NLD","EUR",3.45,0.742748914,45988.604,"2014-07-01"
"882","New Zealand","NZL","NZD",5.7,1.152737752,38384.906,"2014-07-01"
"883","Norway","NOR","NOK",48,6.1873,99249.004,"2014-07-01"
"884","Pakistan","PAK","PKR",300,98.68,1260.736,"2014-07-01"
"885","Peru","PER","PEN",10,2.788,6549.636,"2014-07-01"
"886","Philippines","PHL","PHP",160,43.205,2611.503,"2014-07-01"
"887","Poland","POL","PLN",9.2,3.0714,12708.962,"2014-07-01"
"888","Portugal","PRT","EUR",3,0.742748914,20019.902,"2014-07-01"
"889","Russia","RUS","RUB",89,34.83725,14015.75,"2014-07-01"
"890","Saudi Arabia","SAU","SAR",11,3.75035,25139.004,"2014-07-01"
"891","Singapore","SGP","SGD",4.7,1.238,53516.039,"2014-07-01"
"892","South Africa","ZAF","ZAR",24.5,10.5145,7314.014,"2014-07-01"
"893","South Korea","KOR","KRW",4100,1023.75,22590.158,"2014-07-01"
"894","Spain","ESP","EUR",3.65,0.742748914,28294.112,"2014-07-01"
"895","Sri Lanka","LKA","LKR",350,130.255,NA,"2014-07-01"
"896","Sweden","SWE","SEK",40.7,6.836,54829.105,"2014-07-01"
"897","Switzerland","CHE","CHF",6.16,0.9024,79344.253,"2014-07-01"
"898","Taiwan","TWN","TWD",79,29.982,20386.475,"2014-07-01"
"899","Thailand","THA","THB",99,31.78,5390.414,"2014-07-01"
"900","Turkey","TUR","TRY",9.25,2.09125,10523.36,"2014-07-01"
"901","UAE","ARE","AED",13,3.67305,NA,"2014-07-01"
"902","Ukraine","UKR","UAH",19,11.685,NA,"2014-07-01"
"903","United States","USA","USD",4.795,1,51708.982,"2014-07-01"
"904","Uruguay","URY","UYU",113,22.97,NA,"2014-07-01"
"905","Venezuela","VEN","VEF",75,11,NA,"2014-07-01"
"906","Vietnam","VNM","VND",60000,21230,NA,"2014-07-01"
"907","Argentina","ARG","ARS",28,8.61,14708.613,"2015-01-01"
"908","Australia","AUS","AUD",5.3,1.227219734,64578.19,"2015-01-01"
"909","Austria","AUT","EUR",3.39,0.863073404,49038.959,"2015-01-01"
"910","Belgium","BEL","EUR",3.7,0.863073404,45537.619,"2015-01-01"
"911","Brazil","BRA","BRL",13.5,2.59275,11172.523,"2015-01-01"
"912","Britain","GBR","GBP",2.89,0.661594443,39371.653,"2015-01-01"
"913","Canada","CAN","CAD",5.7,1.22855,52037.148,"2015-01-01"
"914","Chile","CHL","CLP",2100,627.485,15775.713,"2015-01-01"
"915","China","CHN","CNY",17.2,6.2115,6958.686,"2015-01-01"
"916","Colombia","COL","COP",7900,2364.98,8030.715,"2015-01-01"
"917","Costa Rica","CRI","CRC",2150,536.09,NA,"2015-01-01"
"918","Czech Republic","CZE","CZK",70.45,24.13325,18871.009,"2015-01-01"
"919","Denmark","DNK","DKK",34.5,6.4174,59129.127,"2015-01-01"
"920","Egypt","EGY","EGP",16.93,7.35005,3242.857,"2015-01-01"
"921","Estonia","EST","EUR",2.9,0.863073404,18852.091,"2015-01-01"
"922","Euro area","EUZ","EUR",3.68,0.863073404,38643.6391,"2015-01-01"
"923","Finland","FIN","EUR",4.1,0.863073404,49055.031,"2015-01-01"
"924","France","FRA","EUR",3.9,0.863073404,44098.695,"2015-01-01"
"925","Germany","DEU","EUR",3.67,0.863073404,44999.496,"2015-01-01"
"926","Greece","GRC","EUR",3.05,0.863073404,21857.28,"2015-01-01"
"927","Hong Kong","HKG","HKD",18.8,7.75135,37955.448,"2015-01-01"
"928","Hungary","HUN","HUF",860,271.39345,13387.975,"2015-01-01"
"929","India","IND","INR",116.25,61.615,1509.495,"2015-01-01"
"930","Indonesia","IDN","IDR",27939,12480,3509.824,"2015-01-01"
"931","Ireland","IRL","EUR",3.49,0.863073404,48607.821,"2015-01-01"
"932","Israel","ISR","ILS",17.5,3.93415,36926.33,"2015-01-01"
"933","Italy","ITA","EUR",3.85,0.863073404,34714.703,"2015-01-01"
"934","Japan","JPN","JPY",370,117.765,38467.786,"2015-01-01"
"935","Malaysia","MYS","MYR",7.63,3.6155,10456.887,"2015-01-01"
"936","Mexico","MEX","MXN",49,14.6275,10649.907,"2015-01-01"
"937","Netherlands","NLD","EUR",3.45,0.863073404,50815.753,"2015-01-01"
"938","New Zealand","NZL","NZD",5.9,1.313283866,40515.94,"2015-01-01"
"939","Norway","NOR","NOK",48,7.6225,100578.968,"2015-01-01"
"940","Pakistan","PAK","PKR",300,100.735,1274.756,"2015-01-01"
"941","Peru","PER","PEN",10,3.008,6540.989,"2015-01-01"
"942","Philippines","PHL","PHP",163,44.41,2790.878,"2015-01-01"
"943","Poland","POL","PLN",9.2,3.7066,13435.263,"2015-01-01"
"944","Portugal","PRT","EUR",3,0.863073404,20995.33,"2015-01-01"
"945","Russia","RUS","RUB",89,65.227,14591.33,"2015-01-01"
"946","Saudi Arabia","SAU","SAR",11,3.7569,24953.086,"2015-01-01"
"947","Singapore","SGP","SGD",4.7,1.33315,55182.483,"2015-01-01"
"948","South Africa","ZAF","ZAR",25.5,11.47875,6621.122,"2015-01-01"
"949","South Korea","KOR","KRW",4100,1083.3,25975.068,"2015-01-01"
"950","Spain","ESP","EUR",3.65,0.863073404,29150.345,"2015-01-01"
"951","Sri Lanka","LKA","LKR",350,131.875,NA,"2015-01-01"
"952","Sweden","SWE","SEK",40.7,8.19145,58014.168,"2015-01-01"
"953","Switzerland","CHE","CHF",6.5,0.86165,81276.126,"2015-01-01"
"954","Taiwan","TWN","TWD",79,31.493,20924.921,"2015-01-01"
"955","Thailand","THA","THB",99,32.605,5675.8,"2015-01-01"
"956","Turkey","TUR","TRY",9.25,2.33345,10721.063,"2015-01-01"
"957","UAE","ARE","AED",13,3.67305,NA,"2015-01-01"
"958","Ukraine","UKR","UAH",19,15.822,NA,"2015-01-01"
"959","United States","USA","USD",4.79,1,53000.972,"2015-01-01"
"960","Uruguay","URY","UYU",113,24.425,NA,"2015-01-01"
"961","Venezuela","VEN","VEF",132,52.1021,NA,"2015-01-01"
"962","Vietnam","VNM","VND",60000,21380,NA,"2015-01-01"
"963","Argentina","ARG","ARS",28,9.135,12873.16,"2015-07-01"
"964","Australia","AUS","AUD",5.3,1.35126005,61219.156,"2015-07-01"
"965","Austria","AUT","EUR",3.39,0.912700224,51306.674,"2015-07-01"
"966","Belgium","BEL","EUR",3.7,0.912700224,47721.586,"2015-07-01"
"967","Brazil","BRA","BRL",13.5,3.15235,11604.471,"2015-07-01"
"968","Britain","GBR","GBP",2.89,0.640450877,45653.41,"2015-07-01"
"969","Canada","CAN","CAD",5.85,1.2897,50397.862,"2015-07-01"
"970","Chile","CHL","CLP",2100,642.45,14477.099,"2015-07-01"
"971","China","CHN","CNY",17,6.2092,7588.996,"2015-07-01"
"972","Colombia","COL","COP",7900,2708.9,8075.644,"2015-07-01"
"973","Costa Rica","CRI","CRC",2150,533.3,NA,"2015-07-01"
"974","Czech Republic","CZE","CZK",70,24.70225,19563.33,"2015-07-01"
"975","Denmark","DNK","DKK",34.59,6.81105,60563.623,"2015-07-01"
"976","Egypt","EGY","EGP",16.93,7.83005,3303.752,"2015-07-01"
"977","Estonia","EST","EUR",2.95,0.912700224,19670.852,"2015-07-01"
"978","Euro area","EUZ","EUR",3.7,0.912700224,40028.39054,"2015-07-01"
"979","Finland","FIN","EUR",4.1,0.912700224,49496.717,"2015-07-01"
"980","France","FRA","EUR",4.1,0.912700224,44538.147,"2015-07-01"
"981","Germany","DEU","EUR",3.59,0.912700224,47589.972,"2015-07-01"
"982","Greece","GRC","EUR",3.05,0.912700224,21653.081,"2015-07-01"
"983","Hong Kong","HKG","HKD",19.2,7.7508,39871.096,"2015-07-01"
"984","Hungary","HUN","HUF",900,282.8778,13881.131,"2015-07-01"
"985","India","IND","INR",116.25,63.43,1626.982,"2015-07-01"
"986","Indonesia","IDN","IDR",30500,13344.5,3533.529,"2015-07-01"
"987","Ireland","IRL","EUR",3.7,0.912700224,53461.974,"2015-07-01"
"988","Israel","ISR","ILS",17.5,3.77835,36990.982,"2015-07-01"
"989","Italy","ITA","EUR",4,0.912700224,35823.219,"2015-07-01"
"990","Japan","JPN","JPY",370,123.935,36331.742,"2015-07-01"
"991","Malaysia","MYS","MYR",7.65,3.8065,10803.525,"2015-07-01"
"992","Mexico","MEX","MXN",49,15.73975,10714.826,"2015-07-01"
"993","Netherlands","NLD","EUR",3.45,0.912700224,51372.963,"2015-07-01"
"994","New Zealand","NZL","NZD",5.9,1.509092281,43837.294,"2015-07-01"
"995","Norway","NOR","NOK",46,8.14255,97013.261,"2015-07-01"
"996","Pakistan","PAK","PKR",350,101.7,1342.73,"2015-07-01"
"997","Peru","PER","PEN",10,3.1835,6458.287,"2015-07-01"
"998","Philippines","PHL","PHP",163,45.2125,2865.485,"2015-07-01"
"999","Poland","POL","PLN",9.6,3.7736,14378.622,"2015-07-01"
"1000","Portugal","PRT","EUR",3,0.912700224,22130.488,"2015-07-01"
"1001","Russia","RUS","RUB",107,56.815,12925.964,"2015-07-01"
"1002","Saudi Arabia","SAU","SAR",12,3.75055,24454.016,"2015-07-01"
"1003","Singapore","SGP","SGD",4.7,1.3664,56319.338,"2015-07-01"
"1004","South Africa","ZAF","ZAR",26,12.41455,6482.753,"2015-07-01"
"1005","South Korea","KOR","KRW",4300,1143.5,28100.717,"2015-07-01"
"1006","Spain","ESP","EUR",3.65,0.912700224,30278.346,"2015-07-01"
"1007","Sri Lanka","LKA","LKR",350,133.85,NA,"2015-07-01"
"1008","Sweden","SWE","SEK",43.7,8.52265,58491.468,"2015-07-01"
"1009","Switzerland","CHE","CHF",6.5,0.9528,87475.464,"2015-07-01"
"1010","Taiwan","TWN","TWD",79,31.02,22597.73,"2015-07-01"
"1011","Thailand","THA","THB",108,34.0875,5444.556,"2015-07-01"
"1012","Turkey","TUR","TRY",10.25,2.6457,10482.14,"2015-07-01"
"1013","UAE","ARE","AED",13,3.67295,NA,"2015-07-01"
"1014","Ukraine","UKR","UAH",34,21.95,NA,"2015-07-01"
"1015","United States","USA","USD",4.79,1,54596.653,"2015-07-01"
"1016","Uruguay","URY","UYU",113,27.345,NA,"2015-07-01"
"1017","Venezuela","VEN","VEF",132,197,NA,"2015-07-01"
"1018","Vietnam","VNM","VND",60000,21810,NA,"2015-07-01"
"1019","Argentina","ARG","ARS",33,13.80925,12735.196,"2016-01-01"
"1020","Australia","AUS","AUD",5.3,1.415728746,61066.154,"2016-01-01"
"1021","Austria","AUT","EUR",3.5,0.930232558,51433.004,"2016-01-01"
"1022","Belgium","BEL","EUR",3.95,0.930232558,47682.132,"2016-01-01"
"1023","Brazil","BRA","BRL",13.5,4.0248,11572.7,"2016-01-01"
"1024","Britain","GBR","GBP",2.89,0.684532977,45729.267,"2016-01-01"
"1025","Canada","CAN","CAD",5.84,1.4092,50304.025,"2016-01-01"
"1026","Chile","CHL","CLP",2100,715.215,14479.829,"2016-01-01"
"1027","China","CHN","CNY",17.6,6.5582,7571.543,"2016-01-01"
"1028","Colombia","COL","COP",7900,3253.9,7928.061,"2016-01-01"
"1029","Costa Rica","CRI","CRC",2150,535.25,NA,"2016-01-01"
"1030","Czech Republic","CZE","CZK",75,25.1442,19526.401,"2016-01-01"
"1031","Denmark","DNK","DKK",30,6.9405,60947.383,"2016-01-01"
"1032","Egypt","EGY","EGP",16.93,7.83005,3303.752,"2016-01-01"
"1033","Estonia","EST","EUR",3,0.930232558,20090.024,"2016-01-01"
"1034","Euro area","EUZ","EUR",3.72,0.930232558,40001.31716,"2016-01-01"
"1035","Finland","FIN","EUR",4.1,0.930232558,50015.698,"2016-01-01"
"1036","France","FRA","EUR",4.1,0.930232558,44331.604,"2016-01-01"
"1037","Germany","DEU","EUR",3.59,0.930232558,47773.578,"2016-01-01"
"1038","Greece","GRC","EUR",3.35,0.930232558,21648.203,"2016-01-01"
"1039","Hong Kong","HKG","HKD",19.2,7.75235,40032.534,"2016-01-01"
"1040","Hungary","HUN","HUF",900,292.67905,13869.538,"2016-01-01"
"1041","India","IND","INR",127,66.8025,1607.646,"2016-01-01"
"1042","Indonesia","IDN","IDR",30500,13947.5,3524.075,"2016-01-01"
"1043","Ireland","IRL","EUR",3.95,0.930232558,54411.136,"2016-01-01"
"1044","Israel","ISR","ILS",16.9,3.94105,37222.384,"2016-01-01"
"1045","Italy","ITA","EUR",4,0.930232558,35334.815,"2016-01-01"
"1046","Japan","JPN","JPY",370,118.645,36221.812,"2016-01-01"
"1047","Malaysia","MYS","MYR",8,4.3925,11049.28,"2016-01-01"
"1048","Mexico","MEX","MXN",49,17.43675,10784.464,"2016-01-01"
"1049","Netherlands","NLD","EUR",3.45,0.930232558,52224.644,"2016-01-01"
"1050","New Zealand","NZL","NZD",5.9,1.508068165,43363.232,"2016-01-01"
"1051","Norway","NOR","NOK",46.8,8.97465,96930.485,"2016-01-01"
"1052","Pakistan","PAK","PKR",300,104.885,1325.79,"2016-01-01"
"1053","Peru","PER","PEN",10,3.418,6448.534,"2016-01-01"
"1054","Philippines","PHL","PHP",131,47.0225,2862.38,"2016-01-01"
"1055","Poland","POL","PLN",9.6,4.0477,14411.495,"2016-01-01"
"1056","Portugal","PRT","EUR",3,0.930232558,22122.981,"2016-01-01"
"1057","Russia","RUS","RUB",114,74.655,12717.687,"2016-01-01"
"1058","Saudi Arabia","SAU","SAR",12,3.7543,24252.173,"2016-01-01"
"1059","Singapore","SGP","SGD",4.7,1.43725,56286.553,"2016-01-01"
"1060","South Africa","ZAF","ZAR",28,15.81375,6482.753,"2016-01-01"
"1061","South Korea","KOR","KRW",4300,1197.75,27970.494,"2016-01-01"
"1062","Spain","ESP","EUR",3.5,0.930232558,30271.524,"2016-01-01"
"1063","Sri Lanka","LKA","LKR",350,144.05,NA,"2016-01-01"
"1064","Sweden","SWE","SEK",45,8.60185,58538.061,"2016-01-01"
"1065","Switzerland","CHE","CHF",6.5,1.0088,86468.355,"2016-01-01"
"1066","Taiwan","TWN","TWD",69,33.2315,22599.765,"2016-01-01"
"1067","Thailand","THA","THB",112,36.22,5896.361,"2016-01-01"
"1068","Turkey","TUR","TRY",10.25,3.0096,10381.025,"2016-01-01"
"1069","UAE","ARE","AED",13,3.6731,NA,"2016-01-01"
"1070","Ukraine","UKR","UAH",36,23.35,NA,"2016-01-01"
"1071","United States","USA","USD",4.93,1,54369.826,"2016-01-01"
"1072","Uruguay","URY","UYU",113,30.185,NA,"2016-01-01"
"1073","Venezuela","VEN","VEF",132,198.6986,NA,"2016-01-01"
"1074","Vietnam","VNM","VND",60000,22467.5,NA,"2016-01-01"
"1075","Argentina","ARG","ARS",50,14.935,13588.846,"2016-07-01"
"1076","Australia","AUS","AUD",5.75,1.335737661,50961.865,"2016-07-01"
"1077","Austria","AUT","EUR",3.6,0.908306463,43724.031,"2016-07-01"
"1078","Belgium","BEL","EUR",3.95,0.908306463,40106.632,"2016-07-01"
"1079","Brazil","BRA","BRL",15.5,3.24145,8669.998,"2016-07-01"
"1080","Britain","GBR","GBP",2.99,0.758840492,43770.688,"2016-07-01"
"1081","Canada","CAN","CAD",6,1.303,43331.961,"2016-07-01"
"1082","Chile","CHL","CLP",2300,651.12,13340.905,"2016-07-01"
"1083","China","CHN","CNY",18.6,6.678,7989.72,"2016-07-01"
"1084","Colombia","COL","COP",8900,2929,6083.51,"2016-07-01"
"1085","Costa Rica","CRI","CRC",2250,546.39,NA,"2016-07-01"
"1086","Czech Republic","CZE","CZK",75,24.54655,17256.918,"2016-07-01"
"1087","Denmark","DNK","DKK",30,6.75715,52114.165,"2016-07-01"
"1088","Egypt","EGY","EGP",23,8.87995,3740.249,"2016-07-01"
"1089","Estonia","EST","EUR",3.1,0.908306463,17288.083,"2016-07-01"
"1090","Euro area","EUZ","EUR",3.82,0.908306463,34142.38535,"2016-07-01"
"1091","Finland","FIN","EUR",4.6,0.908306463,41973.988,"2016-07-01"
"1092","France","FRA","EUR",4.1,0.908306463,37675.006,"2016-07-01"
"1093","Germany","DEU","EUR",3.79,0.908306463,40996.511,"2016-07-01"
"1094","Greece","GRC","EUR",3.35,0.908306463,18064.288,"2016-07-01"
"1095","Hong Kong","HKG","HKD",19.2,7.7554,42389.63,"2016-07-01"
"1096","Hungary","HUN","HUF",900,285.6397,12239.894,"2016-07-01"
"1097","India","IND","INR",162,67.2,1617.309,"2016-07-01"
"1098","Indonesia","IDN","IDR",31000,13112.5,3362.357,"2016-07-01"
"1099","Ireland","IRL","EUR",4,0.908306463,51350.744,"2016-07-01"
"1100","Israel","ISR","ILS",16.9,3.85875,35343.336,"2016-07-01"
"1101","Italy","ITA","EUR",4.2,0.908306463,29866.581,"2016-07-01"
"1102","Japan","JPN","JPY",370,106.725,32485.545,"2016-07-01"
"1103","Malaysia","MYS","MYR",8,4.027,9556.774,"2016-07-01"
"1104","Mexico","MEX","MXN",44,18.535,9009.28,"2016-07-01"
"1105","Netherlands","NLD","EUR",3.45,0.908306463,43603.115,"2016-07-01"
"1106","New Zealand","NZL","NZD",6,1.421363087,37044.891,"2016-07-01"
"1107","Norway","NOR","NOK",46.8,8.49355,74822.106,"2016-07-01"
"1108","Pakistan","PAK","PKR",375,104.82,1449.978,"2016-07-01"
"1109","Peru","PER","PEN",10,3.30585,6021.104,"2016-07-01"
"1110","Philippines","PHL","PHP",133,47.115,2858.144,"2016-07-01"
"1111","Poland","POL","PLN",9.6,3.96565,12495.334,"2016-07-01"
"1112","Portugal","PRT","EUR",3.05,0.908306463,19121.592,"2016-07-01"
"1113","Russia","RUS","RUB",130,63.40755,9054.914,"2016-07-01"
"1114","Saudi Arabia","SAU","SAR",12,3.7505,20812.586,"2016-07-01"
"1115","Singapore","SGP","SGD",5.45,1.3577,52887.77,"2016-07-01"
"1116","South Africa","ZAF","ZAR",30,14.27375,5694.572,"2016-07-01"
"1117","South Korea","KOR","KRW",4400,1140.95,27195.197,"2016-07-01"
"1118","Spain","ESP","EUR",3.5,0.908306463,25864.721,"2016-07-01"
"1119","Sri Lanka","LKA","LKR",530,146.2,NA,"2016-07-01"
"1120","Sweden","SWE","SEK",44.94,8.59485,49866.266,"2016-07-01"
"1121","Switzerland","CHE","CHF",6.5,0.9861,80675.308,"2016-07-01"
"1122","Taiwan","TWN","TWD",69,32.029,22287.562,"2016-07-01"
"1123","Thailand","THA","THB",119,34.965,5742.282,"2016-07-01"
"1124","Turkey","TUR","TRY",10.75,3.04305,9437.372,"2016-07-01"
"1125","UAE","ARE","AED",13,3.6731,NA,"2016-07-01"
"1126","Ukraine","UKR","UAH",39,24.8,NA,"2016-07-01"
"1127","United States","USA","USD",5.04,1,55805.204,"2016-07-01"
"1128","Uruguay","URY","UYU",123,30.165,NA,"2016-07-01"
"1129","Venezuela","VEN","VEF",2170,641.4001,NA,"2016-07-01"
"1130","Vietnam","VNM","VND",60000,22300,NA,"2016-07-01"
"1131","Argentina","ARG","ARS",55,15.8575,13588.846,"2017-01-01"
"1132","Australia","AUS","AUD",5.8,1.356668023,50961.865,"2017-01-01"
"1133","Austria","AUT","EUR",3.4,0.955246692,43724.031,"2017-01-01"
"1134","Belgium","BEL","EUR",3.95,0.955246692,40106.632,"2017-01-01"
"1135","Brazil","BRA","BRL",16.5,3.22395,8669.998,"2017-01-01"
"1136","Britain","GBR","GBP",3.09,0.82877507,43770.688,"2017-01-01"
"1137","Canada","CAN","CAD",5.98,1.326,43331.961,"2017-01-01"
"1138","Chile","CHL","CLP",2450,672.805,13340.905,"2017-01-01"
"1139","China","CHN","CNY",19.6,6.9266,7989.72,"2017-01-01"
"1140","Colombia","COL","COP",9900,2994.625,6083.51,"2017-01-01"
"1141","Costa Rica","CRI","CRC",2250,554.33,NA,"2017-01-01"
"1142","Czech Republic","CZE","CZK",75,25.81175,17256.918,"2017-01-01"
"1143","Denmark","DNK","DKK",30,7.10125,52114.165,"2017-01-01"
"1144","Egypt","EGY","EGP",27.49,18.77,3740.249,"2017-01-01"
"1145","Estonia","EST","EUR",3.1,0.955246692,17288.083,"2017-01-01"
"1146","Euro area","EUZ","EUR",3.88,0.955246692,34142.38535,"2017-01-01"
"1147","Finland","FIN","EUR",4.55,0.955246692,41973.988,"2017-01-01"
"1148","France","FRA","EUR",4.1,0.955246692,37675.006,"2017-01-01"
"1149","Germany","DEU","EUR",3.79,0.955246692,40996.511,"2017-01-01"
"1150","Greece","GRC","EUR",3.35,0.955246692,18064.288,"2017-01-01"
"1151","Hong Kong","HKG","HKD",19.2,7.75595,42389.63,"2017-01-01"
"1152","Hungary","HUN","HUF",900,294.6172,12239.894,"2017-01-01"
"1153","India","IND","INR",170,68.3275,1617.309,"2017-01-01"
"1154","Indonesia","IDN","IDR",31000,13329,3362.357,"2017-01-01"
"1155","Ireland","IRL","EUR",4,0.955246692,51350.744,"2017-01-01"
"1156","Israel","ISR","ILS",16.9,3.855,35343.336,"2017-01-01"
"1157","Italy","ITA","EUR",4.2,0.955246692,29866.581,"2017-01-01"
"1158","Japan","JPN","JPY",380,116.665,32485.545,"2017-01-01"
"1159","Malaysia","MYS","MYR",8,4.4715,9556.774,"2017-01-01"
"1160","Mexico","MEX","MXN",49,21.9505,9009.28,"2017-01-01"
"1161","Netherlands","NLD","EUR",3.61,0.955246692,43603.115,"2017-01-01"
"1162","New Zealand","NZL","NZD",6,1.43358899,37044.891,"2017-01-01"
"1163","Norway","NOR","NOK",49,8.64835,74822.106,"2017-01-01"
"1164","Pakistan","PAK","PKR",375,104.775,1449.978,"2017-01-01"
"1165","Peru","PER","PEN",11,3.3929,6021.104,"2017-01-01"
"1166","Philippines","PHL","PHP",133,49.615,2858.144,"2017-01-01"
"1167","Poland","POL","PLN",9.6,4.17215,12495.334,"2017-01-01"
"1168","Portugal","PRT","EUR",3.05,0.955246692,19121.592,"2017-01-01"
"1169","Russia","RUS","RUB",130,60.4375,9054.914,"2017-01-01"
"1170","Saudi Arabia","SAU","SAR",12,3.75065,20812.586,"2017-01-01"
"1171","Singapore","SGP","SGD",5.6,1.43875,52887.77,"2017-01-01"
"1172","South Africa","ZAF","ZAR",26.32,13.9525,5694.572,"2017-01-01"
"1173","South Korea","KOR","KRW",4400,1196.45,27195.197,"2017-01-01"
"1174","Spain","ESP","EUR",3.95,0.955246692,25864.721,"2017-01-01"
"1175","Sri Lanka","LKA","LKR",550,150.06,NA,"2017-01-01"
"1176","Sweden","SWE","SEK",48,9.12455,49866.266,"2017-01-01"
"1177","Switzerland","CHE","CHF",6.5,1.0236,80675.308,"2017-01-01"
"1178","Taiwan","TWN","TWD",69,31.905,22287.562,"2017-01-01"
"1179","Thailand","THA","THB",119,35.573,5742.282,"2017-01-01"
"1180","Turkey","TUR","TRY",10.75,3.91115,9437.372,"2017-01-01"
"1181","UAE","ARE","AED",13,3.673,NA,"2017-01-01"
"1182","Ukraine","UKR","UAH",42,27.235,NA,"2017-01-01"
"1183","United States","USA","USD",5.06,1,55805.204,"2017-01-01"
"1184","Uruguay","URY","UYU",125,28.725,NA,"2017-01-01"
"1185","Venezuela","VEN","VEF",3550,676.6047,NA,"2017-01-01"
"1186","Vietnam","VNM","VND",60000,22572,NA,"2017-01-01"
"1187","Argentina","ARG","ARS",70,16.9675,12502.822,"2017-07-01"
"1188","Australia","AUS","AUD",5.9,1.303016483,51850.269,"2017-07-01"
"1189","Austria","AUT","EUR",3.4,0.875695083,44498.37,"2017-07-01"
"1190","Belgium","BEL","EUR",4.05,0.875695083,41283.274,"2017-07-01"
"1191","Brazil","BRA","BRL",16.5,3.2343,8726.901,"2017-07-01"
"1192","Britain","GBR","GBP",3.19,0.775885479,43770.688,"2017-07-01"
"1193","Canada","CAN","CAD",5.97,1.2823,42210.132,"2017-07-01"
"1194","Chile","CHL","CLP",2550,663.355,13575.996,"2017-07-01"
"1195","China","CHN","CNY",19.8,6.7875,8113.257,"2017-07-01"
"1196","Colombia","COL","COP",9900,3052.16,5792.182,"2017-07-01"
"1197","Costa Rica","CRI","CRC",2290,572.495,NA,"2017-07-01"
"1198","Czech Republic","CZE","CZK",75,22.8561,18286.333,"2017-07-01"
"1199","Denmark","DNK","DKK",30,6.51255,53743.966,"2017-07-01"
"1200","Egypt","EGY","EGP",31.37,17.885,3684.574,"2017-07-01"
"1201","Estonia","EST","EUR",3.15,0.875695083,17632.704,"2017-07-01"
"1202","Euro area","EUZ","EUR",3.91,0.875695083,35066.00744,"2017-07-01"
"1203","Finland","FIN","EUR",4.56,0.875695083,43169.218,"2017-07-01"
"1204","France","FRA","EUR",4.1,0.875695083,38127.652,"2017-07-01"
"1205","Germany","DEU","EUR",3.9,0.875695083,41902.283,"2017-07-01"
"1206","Greece","GRC","EUR",3.35,0.875695083,17900.73,"2017-07-01"
"1207","Hong Kong","HKG","HKD",19.2,7.8115,43527.994,"2017-07-01"
"1208","Hungary","HUN","HUF",862,268.6239,12778.288,"2017-07-01"
"1209","India","IND","INR",178,64.5575,1723.301,"2017-07-01"
"1210","Indonesia","IDN","IDR",32126,13369.5,3604.291,"2017-07-01"
"1211","Ireland","IRL","EUR",4.07,0.875695083,62562.272,"2017-07-01"
"1212","Israel","ISR","ILS",16.9,3.5405,37262.4,"2017-07-01"
"1213","Italy","ITA","EUR",4.2,0.875695083,30507.181,"2017-07-01"
"1214","Japan","JPN","JPY",380,113.06,38917.286,"2017-07-01"
"1215","Malaysia","MYS","MYR",8.6,4.2935,9556.774,"2017-07-01"
"1216","Mexico","MEX","MXN",49,17.79075,9009.28,"2017-07-01"
"1217","Netherlands","NLD","EUR",3.61,0.875695083,43603.115,"2017-07-01"
"1218","New Zealand","NZL","NZD",6.1,1.376273053,37044.891,"2017-07-01"
"1219","Norway","NOR","NOK",49,8.2852,74822.106,"2017-07-01"
"1220","Pakistan","PAK","PKR",375,105.15,1449.978,"2017-07-01"
"1221","Peru","PER","PEN",10.5,3.2515,6021.104,"2017-07-01"
"1222","Philippines","PHL","PHP",134,50.5765,2858.144,"2017-07-01"
"1223","Poland","POL","PLN",10.1,3.7086,12495.334,"2017-07-01"
"1224","Portugal","PRT","EUR",3.25,0.875695083,19121.592,"2017-07-01"
"1225","Russia","RUS","RUB",137,60.1369,9054.914,"2017-07-01"
"1226","Saudi Arabia","SAU","SAR",12,3.75015,20812.586,"2017-07-01"
"1227","Singapore","SGP","SGD",5.6,1.3777,52887.77,"2017-07-01"
"1228","South Africa","ZAF","ZAR",30,13.27,5694.572,"2017-07-01"
"1229","South Korea","KOR","KRW",4400,1144.65,27538.806,"2017-07-01"
"1230","Spain","ESP","EUR",3.8,0.875695083,25864.721,"2017-07-01"
"1231","Sri Lanka","LKA","LKR",580,153.725,NA,"2017-07-01"
"1232","Sweden","SWE","SEK",48.97,8.41565,49866.266,"2017-07-01"
"1233","Switzerland","CHE","CHF",6.5,0.96415,80675.308,"2017-07-01"
"1234","Taiwan","TWN","TWD",69,30.4775,22287.562,"2017-07-01"
"1235","Thailand","THA","THB",119,34.0365,5742.282,"2017-07-01"
"1236","Turkey","TUR","TRY",10.75,3.57605,9437.372,"2017-07-01"
"1237","UAE","ARE","AED",14,3.673,NA,"2017-07-01"
"1238","Ukraine","UKR","UAH",44,25.915,NA,"2017-07-01"
"1239","United States","USA","USD",5.3,1,55805.204,"2017-07-01"
"1240","Uruguay","URY","UYU",130,28.705,NA,"2017-07-01"
"1241","Venezuela","VEN","VEF",10950,2700,NA,"2017-07-01"
"1242","Vietnam","VNM","VND",60000,22732.5,NA,"2017-07-01"
"1243","Argentina","ARG","ARS",75,18.9375,12493.909,"2018-01-01"
"1244","Australia","AUS","AUD",5.9,1.253682693,51737.228,"2018-01-01"
"1245","Austria","AUT","EUR",3.4,0.816826629,44232.94,"2018-01-01"
"1246","Belgium","BEL","EUR",4.1,0.816826629,41247.858,"2018-01-01"
"1247","Brazil","BRA","BRL",16.5,3.2279,8726.901,"2018-01-01"
"1248","Britain","GBR","GBP",3.19,0.72285673,40049.779,"2018-01-01"
"1249","Canada","CAN","CAD",6.55,1.2459,42224.939,"2018-01-01"
"1250","Chile","CHL","CLP",2600,605.935,13575.996,"2018-01-01"
"1251","China","CHN","CNY",20.4,6.432,8123.256,"2018-01-01"
"1252","Colombia","COL","COP",10900,2844.12,5792.182,"2018-01-01"
"1253","Costa Rica","CRI","CRC",2290,568.53,NA,"2018-01-01"
"1254","Czech Republic","CZE","CZK",79,20.747,18507.729,"2018-01-01"
"1255","Denmark","DNK","DKK",30,6.0827,53744.643,"2018-01-01"
"1256","Egypt","EGY","EGP",34.21,17.7,3684.574,"2018-01-01"
"1257","Estonia","EST","EUR",3.15,0.816826629,17786.014,"2018-01-01"
"1258","Euro area","EUZ","EUR",3.95,0.816826629,35189.71087,"2018-01-01"
"1259","Finland","FIN","EUR",4.56,0.816826629,43482.406,"2018-01-01"
"1260","France","FRA","EUR",4.2,0.816826629,38177.856,"2018-01-01"
"1261","Germany","DEU","EUR",3.9,0.816826629,42176.854,"2018-01-01"
"1262","Greece","GRC","EUR",3.35,0.816826629,18049.302,"2018-01-01"
"1263","Hong Kong","HKG","HKD",20.5,7.819,43561.08,"2018-01-01"
"1264","Hungary","HUN","HUF",864,252.14215,12652.454,"2018-01-01"
"1265","India","IND","INR",180,63.86125,1741.652,"2018-01-01"
"1266","Indonesia","IDN","IDR",32500,13359,3604.291,"2018-01-01"
"1267","Ireland","IRL","EUR",4.07,0.816826629,64782.3,"2018-01-01"
"1268","Israel","ISR","ILS",16.5,3.43635,37192.14,"2018-01-01"
"1269","Italy","ITA","EUR",4.2,0.816826629,30507.181,"2018-01-01"
"1270","Japan","JPN","JPY",380,110.725,38882.636,"2018-01-01"
"1271","Malaysia","MYS","MYR",9,3.954,9374.099,"2018-01-01"
"1272","Mexico","MEX","MXN",48,18.6635,8562.16,"2018-01-01"
"1273","Netherlands","NLD","EUR",3.71,0.816826629,45657.568,"2018-01-01"
"1274","New Zealand","NZL","NZD",6.2,1.374664925,38277.934,"2018-01-01"
"1275","Norway","NOR","NOK",49,7.8501,70553.114,"2018-01-01"
"1276","Pakistan","PAK","PKR",375,110.505,1440.967,"2018-01-01"
"1277","Peru","PER","PEN",10.5,3.212,6203.656,"2018-01-01"
"1278","Philippines","PHL","PHP",134,50.725,2926.6,"2018-01-01"
"1279","Poland","POL","PLN",10.1,3.40575,12361.266,"2018-01-01"
"1280","Portugal","PRT","EUR",3.2,0.816826629,19820.783,"2018-01-01"
"1281","Russia","RUS","RUB",130,56.745,8945.644,"2018-01-01"
"1282","Saudi Arabia","SAU","SAR",12,3.7503,20364.999,"2018-01-01"
"1283","Singapore","SGP","SGD",5.8,1.32255,52960.558,"2018-01-01"
"1284","South Africa","ZAF","ZAR",30,12.25815,5302.043,"2018-01-01"
"1285","South Korea","KOR","KRW",4400,1069.25,27534.841,"2018-01-01"
"1286","Spain","ESP","EUR",3.95,0.816826629,26565.15,"2018-01-01"
"1287","Sri Lanka","LKA","LKR",580,153.8,NA,"2018-01-01"
"1288","Sweden","SWE","SEK",49.1,8.0188,51124.76,"2018-01-01"
"1289","Switzerland","CHE","CHF",6.5,0.96085,80345.623,"2018-01-01"
"1290","Taiwan","TWN","TWD",69,29.553,22496.997,"2018-01-01"
"1291","Thailand","THA","THB",119,31.95,5901.747,"2018-01-01"
"1292","Turkey","TUR","TRY",10.75,3.8026,10817.406,"2018-01-01"
"1293","UAE","ARE","AED",14,3.673,NA,"2018-01-01"
"1294","Ukraine","UKR","UAH",47,28.715,NA,"2018-01-01"
"1295","United States","USA","USD",5.28,1,57607.613,"2018-01-01"
"1296","Uruguay","URY","UYU",140,28.58,NA,"2018-01-01"
"1297","Venezuela","VEN","VEF",0,0,NA,"2018-01-01"
"1298","Vietnam","VNM","VND",65000,22711.5,NA,"2018-01-01"
"1299","United Arab Emirates","ARE","AED",14,3.67315,37225.745,"2018-07-01"
"1300","Argentina","ARG","ARS",75,27.725,14466.552,"2018-07-01"
"1301","Australia","AUS","AUD",6.05,1.33985395591881,55707.275,"2018-07-01"
"1302","Austria","AUT","EUR",3.4,0.853205921249094,47289.997,"2018-07-01"
"1303","Azerbaijan","AZE","AZN",3.95,1.70175,4140.65,"2018-07-01"
"1304","Belgium","BEL","EUR",4.1,0.853205921249094,43582.165,"2018-07-01"
"1305","Bahrain","BHR","BHD",1.2,0.37955,24028.728,"2018-07-01"
"1306","Brazil","BRA","BRL",16.9,3.83835,9894.929,"2018-07-01"
"1307","Canada","CAN","CAD",6.65,1.31235,45077.388,"2018-07-01"
"1308","Switzerland","CHE","CHF",6.5,0.99325,80590.91,"2018-07-01"
"1309","Chile","CHL","CLP",2640,651.73,15070.413,"2018-07-01"
"1310","China","CHN","CNY",20.5,6.622,8643.107,"2018-07-01"
"1311","Colombia","COL","COP",11900,2874.07,6272.818,"2018-07-01"
"1312","Costa Rica","CRI","CRC",2290,567.8,11685.161,"2018-07-01"
"1313","Czech Republic","CZE","CZK",75,22.06475,20152.408,"2018-07-01"
"1314","Germany","DEU","EUR",4.12,0.853205921249094,44549.688,"2018-07-01"
"1315","Denmark","DNK","DKK",30,6.3591,56444.103,"2018-07-01"
"1316","Egypt","EGY","EGP",31.37,17.905,2500.772,"2018-07-01"
"1317","Spain","ESP","EUR",4.1,0.853205921249094,28358.808,"2018-07-01"
"1318","Estonia","EST","EUR",3.15,0.853205921249094,19840.135,"2018-07-01"
"1319","Euro area","EUZ","EUR",4.04,0.853205921249094,37250.2902759764,"2018-07-01"
"1320","Finland","FIN","EUR",4.62,0.853205921249094,46016.744,"2018-07-01"
"1321","France","FRA","EUR",4.2,0.853205921249094,39869.075,"2018-07-01"
"1322","Britain","GBR","GBP",3.19,0.753863550697324,39734.592,"2018-07-01"
"1323","Greece","GRC","EUR",3.35,0.853205921249094,18637.27,"2018-07-01"
"1324","Guatemala","GTM","GTQ",25,7.4871,4471.873,"2018-07-01"
"1325","Hong Kong","HKG","HKD",20,7.84825,46109.124,"2018-07-01"
"1326","Honduras","HND","HNL",85,23.9926,2765.881,"2018-07-01"
"1327","Croatia","HRV","HRK",21,6.31275,13138.288,"2018-07-01"
"1328","Hungary","HUN","HUF",850,276.4302,15531.209,"2018-07-01"
"1329","Indonesia","IDN","IDR",31500,14360,3875.771,"2018-07-01"
"1330","India","IND","INR",173,68.825,1982.702,"2018-07-01"
"1331","Ireland","IRL","EUR",4.07,0.853205921249094,70638.259,"2018-07-01"
"1332","Israel","ISR","ILS",17,3.6349,40258.361,"2018-07-01"
"1333","Italy","ITA","EUR",4.2,0.853205921249094,31984.013,"2018-07-01"
"1334","Jordan","JOR","JOD",1.95,0.71005,5677.617,"2018-07-01"
"1335","Japan","JPN","JPY",390,111.25,38439.517,"2018-07-01"
"1336","South Korea","KOR","KRW",4500,1116,29891.255,"2018-07-01"
"1337","Kuwait","KWT","KWD",1.05,0.3025,27318.517,"2018-07-01"
"1338","Lebanon","LBN","LBP",6500,1511,11408.834,"2018-07-01"
"1339","Sri Lanka","LKA","LKR",580,159.27,4084.626,"2018-07-01"
"1340","Lithuania","LTU","EUR",2.8,0.853205921249094,16730.226,"2018-07-01"
"1341","Latvia","LVA","EUR",2.7,0.853205921249094,15547.236,"2018-07-01"
"1342","Moldova","MDA","MDL",43,16.6526,2279.645,"2018-07-01"
"1343","Mexico","MEX","MXN",49,19.0515,9304.174,"2018-07-01"
"1344","Malaysia","MYS","MYR",8.45,4.0225,9812.8,"2018-07-01"
"1345","Nicaragua","NIC","NIO",103,31.5872,2206.638,"2018-07-01"
"1346","Netherlands","NLD","EUR",3.79,0.853205921249094,48345.726,"2018-07-01"
"1347","Norway","NOR","NOK",42,8.0415,74940.62,"2018-07-01"
"1348","New Zealand","NZL","NZD",6.2,1.46434324205594,41593.062,"2018-07-01"
"1349","Oman","OMN","OMR",1.05,0.385,17972.922,"2018-07-01"
"1350","Pakistan","PAK","PKR",375,121.49,1541.08,"2018-07-01"
"1351","Peru","PER","PEN",10.5,3.2715,6762.192,"2018-07-01"
"1352","Philippines","PHL","PHP",140,53.487,2976.307,"2018-07-01"
"1353","Poland","POL","PLN",10.1,3.68695,13822.619,"2018-07-01"
"1354","Portugal","PRT","EUR",3.25,0.853205921249094,21161.286,"2018-07-01"
"1355","Qatar","QAT","QAR",12,3.641,60804.259,"2018-07-01"
"1356","Romania","ROU","RON",9.2,3.97325,10757.004,"2018-07-01"
"1357","Russia","RUS","RUB",130,62.14065,10608.159,"2018-07-01"
"1358","Saudi Arabia","SAU","SAR",12,3.7504,21120.481,"2018-07-01"
"1359","Singapore","SGP","SGD",5.8,1.35585,57713.335,"2018-07-01"
"1360","Slovakia","SVK","EUR",3,0.853205921249094,17664.299,"2018-07-01"
"1361","Slovenia","SVN","EUR",2.3,0.853205921249094,23654.409,"2018-07-01"
"1362","Sweden","SWE","SEK",51,8.7526,53217.627,"2018-07-01"
"1363","Thailand","THA","THB",119,33.17,6590.638,"2018-07-01"
"1364","Turkey","TUR","TRY",10.75,4.70625,10511.996,"2018-07-01"
"1365","Taiwan","TWN","TWD",69,30.3725,24576.665,"2018-07-01"
"1366","Ukraine","UKR","UAH",50,26.199,2582.838,"2018-07-01"
"1367","Uruguay","URY","UYU",140,31.31,16722.407,"2018-07-01"
"1368","United States","USA","USD",5.51,1,59501.114,"2018-07-01"
"1369","Vietnam","VNM","VND",65000,23039.5,2353.691,"2018-07-01"
"1370","South Africa","ZAF","ZAR",31,13.3619,6179.87,"2018-07-01"
