artist_name,artist_uri,album_uri,album_name,album_img,album_type,is_collaboration,album_release_date,album_release_year,album_popularity,track_name,track_uri,track_number,disc_number,danceability,energy,key,loudness,mode,speechiness,acousticness,instrumentalness,liveness,valence,tempo,duration_ms,time_signature,key_mode,track_popularity,track_preview_url,track_open_spotify_url
Queen,1dfeR4HaWDbWqFHLkxsg1d,2CtjlCopig2ciZHEBIoZ4r,A Kind Of Magic,https://i.scdn.co/image/82f438701a2a63c610e01956d245af3c888c9fc0,album,FALSE,02/06/1986,02/06/1986,46,One Vision,524aiNxulE2JkXl7CDvmLE,1,1,0.466,0.737,D,-14.192,major,0.164,0.0193,0.000117,0.474,0.378,119.965,310960,4,D major,40,NA,https://open.spotify.com/track/524aiNxulE2JkXl7CDvmLE
Queen,1dfeR4HaWDbWqFHLkxsg1d,2CtjlCopig2ciZHEBIoZ4r,A Kind Of Magic,https://i.scdn.co/image/82f438701a2a63c610e01956d245af3c888c9fc0,album,FALSE,02/06/1986,02/06/1986,46,A Kind Of Magic,63vh1SGG67jGyNPV0SOohf,2,1,0.682,0.526,A,-14.014,major,0.0402,0.00367,0.00281,0.168,0.661,130.131,264600,4,A major,47,NA,https://open.spotify.com/track/63vh1SGG67jGyNPV0SOohf
Queen,1dfeR4HaWDbWqFHLkxsg1d,2CtjlCopig2ciZHEBIoZ4r,A Kind Of Magic,https://i.scdn.co/image/82f438701a2a63c610e01956d245af3c888c9fc0,album,FALSE,02/06/1986,02/06/1986,46,One Year Of Love,7dCr2oqXe6Dzw5DInjKIsI,3,1,0.515,0.266,B,-14.466,minor,0.0318,0.167,0.000263,0.363,0.0988,110.973,266907,3,B minor,25,NA,https://open.spotify.com/track/7dCr2oqXe6Dzw5DInjKIsI
Queen,1dfeR4HaWDbWqFHLkxsg1d,2CtjlCopig2ciZHEBIoZ4r,A Kind Of Magic,https://i.scdn.co/image/82f438701a2a63c610e01956d245af3c888c9fc0,album,FALSE,02/06/1986,02/06/1986,46,Pain Is So Close To Pleasure,46gNdrnDoX38cR7zepqO5y,4,1,0.768,0.434,A,-13.409,minor,0.0278,0.0217,0.00017,0.0938,0.63,112.16,261733,4,A minor,20,NA,https://open.spotify.com/track/46gNdrnDoX38cR7zepqO5y
Queen,1dfeR4HaWDbWqFHLkxsg1d,2CtjlCopig2ciZHEBIoZ4r,A Kind Of Magic,https://i.scdn.co/image/82f438701a2a63c610e01956d245af3c888c9fc0,album,FALSE,02/06/1986,02/06/1986,46,Friends Will Be Friends,6lmAgXIkyml1j61Vewpndd,5,1,0.247,0.386,G,-13.94,major,0.0351,0.00794,3.23E-05,0.339,0.297,149.995,247400,4,G major,45,NA,https://open.spotify.com/track/6lmAgXIkyml1j61Vewpndd
Queen,1dfeR4HaWDbWqFHLkxsg1d,2CtjlCopig2ciZHEBIoZ4r,A Kind Of Magic,https://i.scdn.co/image/82f438701a2a63c610e01956d245af3c888c9fc0,album,FALSE,02/06/1986,02/06/1986,46,Who Wants To Live Forever,3mCifcD3qeXqsasXySYt0s,6,1,0.171,0.2,E,-18.065,minor,0.0372,0.303,0.00679,0.0995,0.0381,140.415,315560,4,E minor,26,NA,https://open.spotify.com/track/3mCifcD3qeXqsasXySYt0s
Queen,1dfeR4HaWDbWqFHLkxsg1d,2CtjlCopig2ciZHEBIoZ4r,A Kind Of Magic,https://i.scdn.co/image/82f438701a2a63c610e01956d245af3c888c9fc0,album,FALSE,02/06/1986,02/06/1986,46,Gimme The Prize,6WjY4oKPVQ9lZaq3aJ0H5v,7,1,0.32,0.827,C#,-12.768,minor,0.16,0.0228,0.368,0.341,0.119,85.249,274267,4,C# minor,17,NA,https://open.spotify.com/track/6WjY4oKPVQ9lZaq3aJ0H5v
Queen,1dfeR4HaWDbWqFHLkxsg1d,2CtjlCopig2ciZHEBIoZ4r,A Kind Of Magic,https://i.scdn.co/image/82f438701a2a63c610e01956d245af3c888c9fc0,album,FALSE,02/06/1986,02/06/1986,46,Don't Lose Your Head,5FW3zbc9HACf6fUVjmEwSw,8,1,0.518,0.693,F,-14.348,major,0.0843,0.000312,0.117,0.127,0.338,120.055,278227,4,F major,15,NA,https://open.spotify.com/track/5FW3zbc9HACf6fUVjmEwSw
Queen,1dfeR4HaWDbWqFHLkxsg1d,2CtjlCopig2ciZHEBIoZ4r,A Kind Of Magic,https://i.scdn.co/image/82f438701a2a63c610e01956d245af3c888c9fc0,album,FALSE,02/06/1986,02/06/1986,46,Princes Of The Universe,0FRXByhSyLdz59q79vBdSh,9,1,0.394,0.607,G,-14.294,major,0.0647,0.0386,0,0.574,0.418,81.283,212227,4,G major,43,NA,https://open.spotify.com/track/0FRXByhSyLdz59q79vBdSh
Queen,1dfeR4HaWDbWqFHLkxsg1d,2CtjlCopig2ciZHEBIoZ4r,A Kind Of Magic,https://i.scdn.co/image/82f438701a2a63c610e01956d245af3c888c9fc0,album,FALSE,02/06/1986,02/06/1986,46,A Kind Of 'A Kind Of Magic',1EwejfHiGMXDILwPH8WRLZ,10,1,0.787,0.432,A,-14.686,major,0.0418,0.00148,0.226,0.0746,0.934,130.156,216627,4,A major,19,NA,https://open.spotify.com/track/1EwejfHiGMXDILwPH8WRLZ
Queen,1dfeR4HaWDbWqFHLkxsg1d,2CtjlCopig2ciZHEBIoZ4r,A Kind Of Magic,https://i.scdn.co/image/82f438701a2a63c610e01956d245af3c888c9fc0,album,FALSE,02/06/1986,02/06/1986,46,Friends Will Be Friends Will Be Friends,72fGwZyaRVogDGAcBbFUvp,11,1,0.468,0.357,G,-13.485,major,0.0263,0.00746,0.000692,0.245,0.257,75.055,357200,4,G major,17,NA,https://open.spotify.com/track/72fGwZyaRVogDGAcBbFUvp
Queen,1dfeR4HaWDbWqFHLkxsg1d,2CtjlCopig2ciZHEBIoZ4r,A Kind Of Magic,https://i.scdn.co/image/82f438701a2a63c610e01956d245af3c888c9fc0,album,FALSE,02/06/1986,02/06/1986,46,Forever,3QdeqFGA8bX3tekrsUQZ1B,12,1,0.238,0.0886,E,-21.028,minor,0.0364,0.954,0.93,0.133,0.0393,139.177,200960,4,E minor,25,NA,https://open.spotify.com/track/3QdeqFGA8bX3tekrsUQZ1B
Queen,1dfeR4HaWDbWqFHLkxsg1d,2SS9qutxzz0XZf4zmoQVdx,Flash Gordon,https://i.scdn.co/image/6d0dbbb730de526ef40b22a25c7296990c02c413,album,FALSE,05/12/1980,05/12/1980,13,Flash's Theme,0b2KLgMxU74pqrZcWqV7aK,1,1,0.475,0.406,A,-16.569,minor,0.127,0.443,0.00163,0.55,0.171,108.414,210173,4,A minor,16,NA,https://open.spotify.com/track/0b2KLgMxU74pqrZcWqV7aK
Queen,1dfeR4HaWDbWqFHLkxsg1d,2SS9qutxzz0XZf4zmoQVdx,Flash Gordon,https://i.scdn.co/image/6d0dbbb730de526ef40b22a25c7296990c02c413,album,FALSE,05/12/1980,05/12/1980,13,In The Space Capsule (The Love Theme),2m4w3hJct3pXKG1zjsVkf6,2,1,0.239,0.333,G,-19.095,major,0.0492,0.0784,0.783,0.106,0.147,107.653,163267,3,G major,4,NA,https://open.spotify.com/track/2m4w3hJct3pXKG1zjsVkf6
Queen,1dfeR4HaWDbWqFHLkxsg1d,2SS9qutxzz0XZf4zmoQVdx,Flash Gordon,https://i.scdn.co/image/6d0dbbb730de526ef40b22a25c7296990c02c413,album,FALSE,05/12/1980,05/12/1980,13,Ming's Theme (In The Court Of Ming The Merciless),3Va510J2aSIndBLGNFsSxT,3,1,0.347,0.0123,C#,-24.143,major,0.0472,0.391,0.0166,0.111,0.0287,117.006,161400,4,C# major,3,NA,https://open.spotify.com/track/3Va510J2aSIndBLGNFsSxT
Queen,1dfeR4HaWDbWqFHLkxsg1d,2SS9qutxzz0XZf4zmoQVdx,Flash Gordon,https://i.scdn.co/image/6d0dbbb730de526ef40b22a25c7296990c02c413,album,FALSE,05/12/1980,05/12/1980,13,The Ring (Hypnotic Seduction Of Dale),6pbhLC5DotWBq8sQmgOkMq,4,1,0.208,0.0244,F,-28.482,minor,0.0735,0.933,0.96,0.312,0.0364,81.591,57560,4,F minor,2,NA,https://open.spotify.com/track/6pbhLC5DotWBq8sQmgOkMq
Queen,1dfeR4HaWDbWqFHLkxsg1d,2SS9qutxzz0XZf4zmoQVdx,Flash Gordon,https://i.scdn.co/image/6d0dbbb730de526ef40b22a25c7296990c02c413,album,FALSE,05/12/1980,05/12/1980,13,Football Fight,4D9Q9VfBGP9XRb42hBaWP8,5,1,0.504,0.707,A,-13.345,minor,0.0566,0.000135,0.44,0.544,0.384,91.644,88973,4,A minor,4,NA,https://open.spotify.com/track/4D9Q9VfBGP9XRb42hBaWP8
Queen,1dfeR4HaWDbWqFHLkxsg1d,2SS9qutxzz0XZf4zmoQVdx,Flash Gordon,https://i.scdn.co/image/6d0dbbb730de526ef40b22a25c7296990c02c413,album,FALSE,05/12/1980,05/12/1980,13,In The Death Cell (Love Theme Reprise),0j0J7B2DaqV3LRINjQfKw4,6,1,0.183,0.21,G,-20.103,major,0.0354,0.466,0.849,0.42,0.0409,138.564,145533,1,G major,2,NA,https://open.spotify.com/track/0j0J7B2DaqV3LRINjQfKw4
Queen,1dfeR4HaWDbWqFHLkxsg1d,2SS9qutxzz0XZf4zmoQVdx,Flash Gordon,https://i.scdn.co/image/6d0dbbb730de526ef40b22a25c7296990c02c413,album,FALSE,05/12/1980,05/12/1980,13,Execution Of Flash,4CpddhyL1rtU4zpy0SLqhn,7,1,0.275,0.046,D,-23.644,major,0.0455,0.442,0.288,0.138,0.146,80.333,65960,5,D major,2,NA,https://open.spotify.com/track/4CpddhyL1rtU4zpy0SLqhn
Queen,1dfeR4HaWDbWqFHLkxsg1d,2SS9qutxzz0XZf4zmoQVdx,Flash Gordon,https://i.scdn.co/image/6d0dbbb730de526ef40b22a25c7296990c02c413,album,FALSE,05/12/1980,05/12/1980,13,The Kiss (Aura Resurrects Flash),3etJrP6gAzcVjfGzdOf2PH,8,1,0.178,0.18,A#,-17.028,major,0.0475,0.613,0.69,0.1,0.0393,140.382,105373,3,A# major,2,NA,https://open.spotify.com/track/3etJrP6gAzcVjfGzdOf2PH
Queen,1dfeR4HaWDbWqFHLkxsg1d,2SS9qutxzz0XZf4zmoQVdx,Flash Gordon,https://i.scdn.co/image/6d0dbbb730de526ef40b22a25c7296990c02c413,album,FALSE,05/12/1980,05/12/1980,13,Arboria (Planet Of The Tree Men),6BScXdZyxJqCjyicISG2Ce,9,1,0.226,0.0463,A#,-30.689,major,0.0491,0.978,0.000608,0.179,0.0681,68.919,101973,3,A# major,2,NA,https://open.spotify.com/track/6BScXdZyxJqCjyicISG2Ce
Queen,1dfeR4HaWDbWqFHLkxsg1d,2SS9qutxzz0XZf4zmoQVdx,Flash Gordon,https://i.scdn.co/image/6d0dbbb730de526ef40b22a25c7296990c02c413,album,FALSE,05/12/1980,05/12/1980,13,Escape From The Swamp,7Gh6ilh7IAhCNZ6NLJ2Zdl,10,1,0.363,0.181,B,-22.59,major,0.0353,0.688,0.775,0.106,0.143,90.839,103533,3,B major,2,NA,https://open.spotify.com/track/7Gh6ilh7IAhCNZ6NLJ2Zdl
Queen,1dfeR4HaWDbWqFHLkxsg1d,2SS9qutxzz0XZf4zmoQVdx,Flash Gordon,https://i.scdn.co/image/6d0dbbb730de526ef40b22a25c7296990c02c413,album,FALSE,05/12/1980,05/12/1980,13,Flash To The Rescue,0HUln55SpOIUjSXYmjOWkG,11,1,0.595,0.351,A,-20.601,major,0.0717,0.134,0.771,0.241,0.145,113.063,165000,4,A major,3,NA,https://open.spotify.com/track/0HUln55SpOIUjSXYmjOWkG
Queen,1dfeR4HaWDbWqFHLkxsg1d,2SS9qutxzz0XZf4zmoQVdx,Flash Gordon,https://i.scdn.co/image/6d0dbbb730de526ef40b22a25c7296990c02c413,album,FALSE,05/12/1980,05/12/1980,13,Vultan's Theme (Attack Of The Hawk Men),5mDxqhLH3YWkUnzhmJcWy8,12,1,0.276,0.736,C,-13.233,major,0.0637,8.52E-06,0.886,0.33,0.449,114.143,72360,4,C major,3,NA,https://open.spotify.com/track/5mDxqhLH3YWkUnzhmJcWy8
Queen,1dfeR4HaWDbWqFHLkxsg1d,2SS9qutxzz0XZf4zmoQVdx,Flash Gordon,https://i.scdn.co/image/6d0dbbb730de526ef40b22a25c7296990c02c413,album,FALSE,05/12/1980,05/12/1980,13,Battle Theme,1CCJqIrTkyp6G9f0pqUIne,13,1,0.235,0.794,D,-12.429,major,0.065,5.33E-05,0.414,0.19,0.632,115.726,138907,4,D major,3,NA,https://open.spotify.com/track/1CCJqIrTkyp6G9f0pqUIne
Queen,1dfeR4HaWDbWqFHLkxsg1d,2SS9qutxzz0XZf4zmoQVdx,Flash Gordon,https://i.scdn.co/image/6d0dbbb730de526ef40b22a25c7296990c02c413,album,FALSE,05/12/1980,05/12/1980,13,The Wedding March,7JnU3qmKzumF9k08DfuNrx,14,1,0.174,0.35,G,-12.199,major,0.032,0.0309,0.796,0.304,0.513,83.038,56200,5,G major,3,NA,https://open.spotify.com/track/7JnU3qmKzumF9k08DfuNrx
Queen,1dfeR4HaWDbWqFHLkxsg1d,2SS9qutxzz0XZf4zmoQVdx,Flash Gordon,https://i.scdn.co/image/6d0dbbb730de526ef40b22a25c7296990c02c413,album,FALSE,05/12/1980,05/12/1980,13,Marriage Of Dale And Ming (And Flash Approaching),2YposdayZ2VqjhCtydVMtW,15,1,0.394,0.362,A,-12.993,major,0.091,0.144,0.00133,0.773,0.332,116.201,124867,4,A major,2,NA,https://open.spotify.com/track/2YposdayZ2VqjhCtydVMtW
Queen,1dfeR4HaWDbWqFHLkxsg1d,2SS9qutxzz0XZf4zmoQVdx,Flash Gordon,https://i.scdn.co/image/6d0dbbb730de526ef40b22a25c7296990c02c413,album,FALSE,05/12/1980,05/12/1980,13,Crash Dive On Mingo City,08TEZ90O4HrLnZ97jRufLf,16,1,0.515,0.761,A,-14.17,major,0.194,0.428,0.48,0.651,0.176,115.692,60800,4,A major,2,NA,https://open.spotify.com/track/08TEZ90O4HrLnZ97jRufLf
Queen,1dfeR4HaWDbWqFHLkxsg1d,2SS9qutxzz0XZf4zmoQVdx,Flash Gordon,https://i.scdn.co/image/6d0dbbb730de526ef40b22a25c7296990c02c413,album,FALSE,05/12/1980,05/12/1980,13,Flash's Theme Reprise (Victory Celebrations),44NG21QJHBeqlJyfGnLm2l,17,1,0.373,0.571,A,-10.813,minor,0.0782,0.0117,0.107,0.88,0.481,109.118,84027,4,A minor,3,NA,https://open.spotify.com/track/44NG21QJHBeqlJyfGnLm2l
Queen,1dfeR4HaWDbWqFHLkxsg1d,2SS9qutxzz0XZf4zmoQVdx,Flash Gordon,https://i.scdn.co/image/6d0dbbb730de526ef40b22a25c7296990c02c413,album,FALSE,05/12/1980,05/12/1980,13,The Hero,1KUBC2Wy6DGtID7EZnO5TU,18,1,0.292,0.705,D,-10.507,major,0.0686,0.00607,0.000261,0.362,0.4,124.083,210800,4,D major,3,NA,https://open.spotify.com/track/1KUBC2Wy6DGtID7EZnO5TU
Queen,1dfeR4HaWDbWqFHLkxsg1d,2SS9qutxzz0XZf4zmoQVdx,Flash Gordon,https://i.scdn.co/image/6d0dbbb730de526ef40b22a25c7296990c02c413,album,FALSE,05/12/1980,05/12/1980,13,Flash's Theme - 1991 Bonus Remix,54WY0vHX1VqAjLGYBTtsxU,19,1,0.745,0.85,A,-11.239,minor,0.0498,0.0184,0.0725,0.0706,0.394,108.977,402533,4,A minor,3,NA,https://open.spotify.com/track/54WY0vHX1VqAjLGYBTtsxU
Queen,1dfeR4HaWDbWqFHLkxsg1d,0fZCqpTHYq2k89uG6pPTYE,Hot Space,https://i.scdn.co/image/91a3519d14b1e7ee1e3a7a08cb84d20f83fff1b7,album,FALSE,03/05/1982,03/05/1982,43,Staying Power,7a3CORGB8AOQxzBcojmESJ,1,1,0.814,0.669,D,-12.535,major,0.102,0.103,0,0.0784,0.425,115.335,251533,4,D major,18,NA,https://open.spotify.com/track/7a3CORGB8AOQxzBcojmESJ
Queen,1dfeR4HaWDbWqFHLkxsg1d,0fZCqpTHYq2k89uG6pPTYE,Hot Space,https://i.scdn.co/image/91a3519d14b1e7ee1e3a7a08cb84d20f83fff1b7,album,FALSE,03/05/1982,03/05/1982,43,Dancer,2Y0HDXWfE6KifNzo3GEScQ,2,1,0.736,0.342,A,-11.817,major,0.0407,0.0371,4.86E-06,0.0788,0.591,100.1,229133,4,A major,18,NA,https://open.spotify.com/track/2Y0HDXWfE6KifNzo3GEScQ
Queen,1dfeR4HaWDbWqFHLkxsg1d,0fZCqpTHYq2k89uG6pPTYE,Hot Space,https://i.scdn.co/image/91a3519d14b1e7ee1e3a7a08cb84d20f83fff1b7,album,FALSE,03/05/1982,03/05/1982,43,Back Chat,4iSdJFwJRYQLA8IsIkF5Q0,3,1,0.783,0.657,C,-12.565,major,0.0865,0.117,1.82E-05,0.369,0.666,118.921,274933,4,C major,17,NA,https://open.spotify.com/track/4iSdJFwJRYQLA8IsIkF5Q0
Queen,1dfeR4HaWDbWqFHLkxsg1d,0fZCqpTHYq2k89uG6pPTYE,Hot Space,https://i.scdn.co/image/91a3519d14b1e7ee1e3a7a08cb84d20f83fff1b7,album,FALSE,03/05/1982,03/05/1982,43,Body Language,6V9qc0ImzKvmC0b9D7V7C0,4,1,0.837,0.353,C#,-16.286,major,0.0868,0.0336,0.00255,0.0851,0.375,132.55,272533,4,C# major,20,NA,https://open.spotify.com/track/6V9qc0ImzKvmC0b9D7V7C0
Queen,1dfeR4HaWDbWqFHLkxsg1d,0fZCqpTHYq2k89uG6pPTYE,Hot Space,https://i.scdn.co/image/91a3519d14b1e7ee1e3a7a08cb84d20f83fff1b7,album,FALSE,03/05/1982,03/05/1982,43,Action This Day,5vMtwsmk6dG5A4DwoAynXW,5,1,0.72,0.327,D,-12.843,major,0.043,0.0456,0.000113,0.0706,0.879,166.292,212667,4,D major,16,NA,https://open.spotify.com/track/5vMtwsmk6dG5A4DwoAynXW
Queen,1dfeR4HaWDbWqFHLkxsg1d,0fZCqpTHYq2k89uG6pPTYE,Hot Space,https://i.scdn.co/image/91a3519d14b1e7ee1e3a7a08cb84d20f83fff1b7,album,FALSE,03/05/1982,03/05/1982,43,Put Out The Fire,4VRPEbK8NAAPp61hqdqbhB,6,1,0.54,0.709,D,-11.126,major,0.0503,0.252,0,0.337,0.547,91.796,198667,4,D major,16,NA,https://open.spotify.com/track/4VRPEbK8NAAPp61hqdqbhB
Queen,1dfeR4HaWDbWqFHLkxsg1d,0fZCqpTHYq2k89uG6pPTYE,Hot Space,https://i.scdn.co/image/91a3519d14b1e7ee1e3a7a08cb84d20f83fff1b7,album,FALSE,03/05/1982,03/05/1982,43,Life Is Real (Song For Lennon),5MYauPDXLNSx5iY6VJhskR,7,1,0.556,0.338,G,-13.98,major,0.0282,0.653,0,0.0882,0.36,80.586,212760,4,G major,16,NA,https://open.spotify.com/track/5MYauPDXLNSx5iY6VJhskR
Queen,1dfeR4HaWDbWqFHLkxsg1d,0fZCqpTHYq2k89uG6pPTYE,Hot Space,https://i.scdn.co/image/91a3519d14b1e7ee1e3a7a08cb84d20f83fff1b7,album,FALSE,03/05/1982,03/05/1982,43,Calling All Girls,76G8WxrFqTz9xWzrim9qji,8,1,0.61,0.569,D,-11.964,major,0.0342,0.0522,0.000147,0.0448,0.628,138.39,231560,4,D major,15,NA,https://open.spotify.com/track/76G8WxrFqTz9xWzrim9qji
Queen,1dfeR4HaWDbWqFHLkxsg1d,0fZCqpTHYq2k89uG6pPTYE,Hot Space,https://i.scdn.co/image/91a3519d14b1e7ee1e3a7a08cb84d20f83fff1b7,album,FALSE,03/05/1982,03/05/1982,43,Las Palabras De Amor,4ySzMx9MJDmPQyjdXuNP3s,9,1,0.392,0.405,D,-13.342,major,0.0271,0.165,2.61E-06,0.0703,0.136,81.196,271573,4,D major,16,NA,https://open.spotify.com/track/4ySzMx9MJDmPQyjdXuNP3s
Queen,1dfeR4HaWDbWqFHLkxsg1d,0fZCqpTHYq2k89uG6pPTYE,Hot Space,https://i.scdn.co/image/91a3519d14b1e7ee1e3a7a08cb84d20f83fff1b7,album,FALSE,03/05/1982,03/05/1982,43,Cool Cat,1xD8LOLKZTBWp7SXQrUANX,10,1,0.818,0.336,C#,-12.769,minor,0.118,0.324,0.000193,0.233,0.848,73.76,209027,4,C# minor,24,NA,https://open.spotify.com/track/1xD8LOLKZTBWp7SXQrUANX
Queen,1dfeR4HaWDbWqFHLkxsg1d,0fZCqpTHYq2k89uG6pPTYE,Hot Space,https://i.scdn.co/image/91a3519d14b1e7ee1e3a7a08cb84d20f83fff1b7,album,FALSE,03/05/1982,03/05/1982,43,Under Pressure,1mSClObliRtgPVT399COQH,11,1,0.655,0.538,D,-12.711,major,0.0582,0.417,0,0.0865,0.472,113.521,245507,4,D major,51,NA,https://open.spotify.com/track/1mSClObliRtgPVT399COQH
Queen,1dfeR4HaWDbWqFHLkxsg1d,0fZCqpTHYq2k89uG6pPTYE,Hot Space,https://i.scdn.co/image/91a3519d14b1e7ee1e3a7a08cb84d20f83fff1b7,album,FALSE,03/05/1982,03/05/1982,43,Body Language - 1991 Bonus Remix,43qaeyvJbh2V3B7CiOa50F,12,1,0.77,0.57,C#,-12.992,major,0.0439,0.000629,0.0978,0.122,0.59,133.649,284200,4,C# major,16,NA,https://open.spotify.com/track/43qaeyvJbh2V3B7CiOa50F
Queen,1dfeR4HaWDbWqFHLkxsg1d,6MxksfUgejXP1IifDSN6o2,Innuendo,https://i.scdn.co/image/9f637f64e509fe4857f33d22134ef06a1d5729e9,album,FALSE,05/02/1991,05/02/1991,48,Innuendo,5bRnWpJXdvxh06QKxXg67w,1,1,0.263,0.427,A,-16.894,minor,0.0391,0.0909,0.000257,0.137,0.256,71.827,391267,4,A minor,44,NA,https://open.spotify.com/track/5bRnWpJXdvxh06QKxXg67w
Queen,1dfeR4HaWDbWqFHLkxsg1d,6MxksfUgejXP1IifDSN6o2,Innuendo,https://i.scdn.co/image/9f637f64e509fe4857f33d22134ef06a1d5729e9,album,FALSE,05/02/1991,05/02/1991,48,I'm Going Slightly Mad,1BmNjGVfnGthCjeyPsaktt,2,1,0.637,0.54,A,-15.819,minor,0.0562,0.603,5.26E-06,0.164,0.35,115.949,262133,4,A minor,41,NA,https://open.spotify.com/track/1BmNjGVfnGthCjeyPsaktt
Queen,1dfeR4HaWDbWqFHLkxsg1d,6MxksfUgejXP1IifDSN6o2,Innuendo,https://i.scdn.co/image/9f637f64e509fe4857f33d22134ef06a1d5729e9,album,FALSE,05/02/1991,05/02/1991,48,Headlong,6XrM4rPEoAMo6cs9xiUksX,3,1,0.602,0.739,D,-13.46,major,0.0507,0.238,4.90E-06,0.125,0.446,143.987,278200,4,D major,41,NA,https://open.spotify.com/track/6XrM4rPEoAMo6cs9xiUksX
Queen,1dfeR4HaWDbWqFHLkxsg1d,6MxksfUgejXP1IifDSN6o2,Innuendo,https://i.scdn.co/image/9f637f64e509fe4857f33d22134ef06a1d5729e9,album,FALSE,05/02/1991,05/02/1991,48,I Can't Live With You,4nLFyqWI4AgOmgr8Q6faTU,4,1,0.493,0.63,A,-12.878,major,0.0733,0.213,0,0.324,0.469,91.727,273533,4,A major,22,NA,https://open.spotify.com/track/4nLFyqWI4AgOmgr8Q6faTU
Queen,1dfeR4HaWDbWqFHLkxsg1d,6MxksfUgejXP1IifDSN6o2,Innuendo,https://i.scdn.co/image/9f637f64e509fe4857f33d22134ef06a1d5729e9,album,FALSE,05/02/1991,05/02/1991,48,Don't Try So Hard,2WFPqVzP3S2bUJdzSujmvN,5,1,0.186,0.249,E,-15.904,minor,0.037,0.642,1.01E-05,0.088,0.104,78.643,219093,4,E minor,23,NA,https://open.spotify.com/track/2WFPqVzP3S2bUJdzSujmvN
Queen,1dfeR4HaWDbWqFHLkxsg1d,6MxksfUgejXP1IifDSN6o2,Innuendo,https://i.scdn.co/image/9f637f64e509fe4857f33d22134ef06a1d5729e9,album,FALSE,05/02/1991,05/02/1991,48,Ride The Wild Wind,58bnVr0AVxIldjT9weH18v,6,1,0.587,0.701,F,-13.808,major,0.0358,0.00534,0.00362,0.206,0.394,113.812,282893,4,F major,20,NA,https://open.spotify.com/track/58bnVr0AVxIldjT9weH18v
Queen,1dfeR4HaWDbWqFHLkxsg1d,6MxksfUgejXP1IifDSN6o2,Innuendo,https://i.scdn.co/image/9f637f64e509fe4857f33d22134ef06a1d5729e9,album,FALSE,05/02/1991,05/02/1991,48,All God's People,1OWj3fQG1DIVr1u9SV7a1b,7,1,0.312,0.603,F,-14.355,major,0.0669,0.229,0.000694,0.303,0.235,181.703,261600,3,F major,18,NA,https://open.spotify.com/track/1OWj3fQG1DIVr1u9SV7a1b
Queen,1dfeR4HaWDbWqFHLkxsg1d,6MxksfUgejXP1IifDSN6o2,Innuendo,https://i.scdn.co/image/9f637f64e509fe4857f33d22134ef06a1d5729e9,album,FALSE,05/02/1991,05/02/1991,48,These Are The Days Of Our Lives,03kPkRRPyRgtm4u5OApiml,8,1,0.696,0.258,C,-17.437,major,0.0309,0.38,0.000112,0.0428,0.542,112.496,255333,4,C major,44,NA,https://open.spotify.com/track/03kPkRRPyRgtm4u5OApiml
Queen,1dfeR4HaWDbWqFHLkxsg1d,6MxksfUgejXP1IifDSN6o2,Innuendo,https://i.scdn.co/image/9f637f64e509fe4857f33d22134ef06a1d5729e9,album,FALSE,05/02/1991,05/02/1991,48,Delilah,4rlHhkRfSQsSWfDbhz3air,9,1,0.72,0.271,G,-18.703,major,0.0316,0.407,5.70E-05,0.0952,0.565,109.088,215333,4,G major,25,NA,https://open.spotify.com/track/4rlHhkRfSQsSWfDbhz3air
Queen,1dfeR4HaWDbWqFHLkxsg1d,6MxksfUgejXP1IifDSN6o2,Innuendo,https://i.scdn.co/image/9f637f64e509fe4857f33d22134ef06a1d5729e9,album,FALSE,05/02/1991,05/02/1991,48,The Hitman,7MipMRFqfFRgYtlNxncl2C,10,1,0.309,0.866,D#,-13.118,minor,0.0738,0.000781,0.0212,0.396,0.235,180.376,296573,4,D# minor,19,NA,https://open.spotify.com/track/7MipMRFqfFRgYtlNxncl2C
Queen,1dfeR4HaWDbWqFHLkxsg1d,6MxksfUgejXP1IifDSN6o2,Innuendo,https://i.scdn.co/image/9f637f64e509fe4857f33d22134ef06a1d5729e9,album,FALSE,05/02/1991,05/02/1991,48,Bijou,4MBUcjRbWIRz9FhN8WsQu5,11,1,0.137,0.2,D,-18.606,minor,0.0516,0.931,0.279,0.349,0.0481,72.762,216867,3,D minor,22,NA,https://open.spotify.com/track/4MBUcjRbWIRz9FhN8WsQu5
Queen,1dfeR4HaWDbWqFHLkxsg1d,6MxksfUgejXP1IifDSN6o2,Innuendo,https://i.scdn.co/image/9f637f64e509fe4857f33d22134ef06a1d5729e9,album,FALSE,05/02/1991,05/02/1991,48,The Show Must Go On,17q4WMG7FR5Gg0ib6ibHHM,12,1,0.257,0.481,B,-12.956,minor,0.0363,0.423,0,0.0908,0.189,168.213,275800,4,B minor,51,NA,https://open.spotify.com/track/17q4WMG7FR5Gg0ib6ibHHM
Queen,1dfeR4HaWDbWqFHLkxsg1d,1v5l2sZRE5Rweew5PoNFP9,The Miracle,https://i.scdn.co/image/eba8ec2cb42c919178d4a22c97532963a6905d16,album,FALSE,22/05/1989,22/05/1989,33,Party,13xg3nvQZajbPIi4GtoegH,1,1,0.669,0.757,G,-9.538,major,0.0379,0.0108,0.000825,0.595,0.813,135.058,144067,4,G major,18,NA,https://open.spotify.com/track/13xg3nvQZajbPIi4GtoegH
Queen,1dfeR4HaWDbWqFHLkxsg1d,1v5l2sZRE5Rweew5PoNFP9,The Miracle,https://i.scdn.co/image/eba8ec2cb42c919178d4a22c97532963a6905d16,album,FALSE,22/05/1989,22/05/1989,33,Khashoggi's Ship,036T4a68p0Ah71ed1yz9y2,2,1,0.508,0.755,B,-9.549,major,0.0794,0.211,5.70E-05,0.394,0.6,95.118,166973,4,B major,18,NA,https://open.spotify.com/track/036T4a68p0Ah71ed1yz9y2
Queen,1dfeR4HaWDbWqFHLkxsg1d,1v5l2sZRE5Rweew5PoNFP9,The Miracle,https://i.scdn.co/image/eba8ec2cb42c919178d4a22c97532963a6905d16,album,FALSE,22/05/1989,22/05/1989,33,The Miracle,3mT0VfxsucvDg7DpzB0fcy,3,1,0.499,0.559,C#,-8.783,major,0.0271,0.232,0,0.637,0.504,91.869,301507,4,C# major,25,NA,https://open.spotify.com/track/3mT0VfxsucvDg7DpzB0fcy
Queen,1dfeR4HaWDbWqFHLkxsg1d,1v5l2sZRE5Rweew5PoNFP9,The Miracle,https://i.scdn.co/image/eba8ec2cb42c919178d4a22c97532963a6905d16,album,FALSE,22/05/1989,22/05/1989,33,I Want It All,0GQo5VkiurD6HnVpaCNeMf,4,1,0.269,0.712,B,-9.846,minor,0.0543,0.0359,9.98E-05,0.212,0.484,135.247,272973,3,B minor,33,NA,https://open.spotify.com/track/0GQo5VkiurD6HnVpaCNeMf
Queen,1dfeR4HaWDbWqFHLkxsg1d,1v5l2sZRE5Rweew5PoNFP9,The Miracle,https://i.scdn.co/image/eba8ec2cb42c919178d4a22c97532963a6905d16,album,FALSE,22/05/1989,22/05/1989,33,The Invisible Man,0kf46oObVRf3L51fHIojEm,5,1,0.739,0.634,C,-11.65,major,0.0419,0.152,0.0404,0.307,0.674,120.01,235973,4,C major,26,NA,https://open.spotify.com/track/0kf46oObVRf3L51fHIojEm
Queen,1dfeR4HaWDbWqFHLkxsg1d,1v5l2sZRE5Rweew5PoNFP9,The Miracle,https://i.scdn.co/image/eba8ec2cb42c919178d4a22c97532963a6905d16,album,FALSE,22/05/1989,22/05/1989,33,Breakthru,6a4cMRwVA0z8FETARH7PTc,6,1,0.577,0.742,F,-10.556,major,0.0542,0.0425,0.00631,0.345,0.377,90.12,248133,4,F major,25,NA,https://open.spotify.com/track/6a4cMRwVA0z8FETARH7PTc
Queen,1dfeR4HaWDbWqFHLkxsg1d,1v5l2sZRE5Rweew5PoNFP9,The Miracle,https://i.scdn.co/image/eba8ec2cb42c919178d4a22c97532963a6905d16,album,FALSE,22/05/1989,22/05/1989,33,Rain Must Fall,7npzw7fmnR07MkeQ4NpBOG,7,1,0.731,0.664,A,-10.574,minor,0.0365,0.141,0.000764,0.0567,0.965,112.015,262827,4,A minor,20,NA,https://open.spotify.com/track/7npzw7fmnR07MkeQ4NpBOG
Queen,1dfeR4HaWDbWqFHLkxsg1d,1v5l2sZRE5Rweew5PoNFP9,The Miracle,https://i.scdn.co/image/eba8ec2cb42c919178d4a22c97532963a6905d16,album,FALSE,22/05/1989,22/05/1989,33,Scandal,0U1z4gls77sTDRTXD3BNNM,8,1,0.637,0.633,E,-10.789,minor,0.0297,0.0323,0.00088,0.266,0.543,103.458,281867,4,E minor,23,NA,https://open.spotify.com/track/0U1z4gls77sTDRTXD3BNNM
Queen,1dfeR4HaWDbWqFHLkxsg1d,1v5l2sZRE5Rweew5PoNFP9,The Miracle,https://i.scdn.co/image/eba8ec2cb42c919178d4a22c97532963a6905d16,album,FALSE,22/05/1989,22/05/1989,33,My Baby Does Me,2xfA9abXe56PneWK7ZJdjM,9,1,0.806,0.313,C#,-15.715,major,0.0683,0.029,0.00446,0.0402,0.692,90.944,202573,4,C# major,17,NA,https://open.spotify.com/track/2xfA9abXe56PneWK7ZJdjM
Queen,1dfeR4HaWDbWqFHLkxsg1d,1v5l2sZRE5Rweew5PoNFP9,The Miracle,https://i.scdn.co/image/eba8ec2cb42c919178d4a22c97532963a6905d16,album,FALSE,22/05/1989,22/05/1989,33,Was It All Worth It,1yzMP7UbQu9OtV4EcFSVrx,10,1,0.347,0.739,A,-9.965,minor,0.0493,0.169,6.40E-06,0.0815,0.186,89.589,345240,4,A minor,19,NA,https://open.spotify.com/track/1yzMP7UbQu9OtV4EcFSVrx
Queen,1dfeR4HaWDbWqFHLkxsg1d,1v5l2sZRE5Rweew5PoNFP9,The Miracle,https://i.scdn.co/image/eba8ec2cb42c919178d4a22c97532963a6905d16,album,FALSE,22/05/1989,22/05/1989,33,Hang On In There,5Uqm43LMw93YLt0tQa8chI,11,1,0.563,0.649,D,-10.774,major,0.0393,0.109,0.000136,0.0952,0.394,122.332,225600,4,D major,16,NA,https://open.spotify.com/track/5Uqm43LMw93YLt0tQa8chI
Queen,1dfeR4HaWDbWqFHLkxsg1d,1v5l2sZRE5Rweew5PoNFP9,The Miracle,https://i.scdn.co/image/eba8ec2cb42c919178d4a22c97532963a6905d16,album,FALSE,22/05/1989,22/05/1989,33,Chinese Torture,4bZRVK2iQRRBffkTQhUQra,12,1,0.326,0.57,E,-13.502,major,0.0781,0.494,0.84,0.137,0.131,65.696,103933,4,E major,16,NA,https://open.spotify.com/track/4bZRVK2iQRRBffkTQhUQra
Queen,1dfeR4HaWDbWqFHLkxsg1d,1v5l2sZRE5Rweew5PoNFP9,The Miracle,https://i.scdn.co/image/eba8ec2cb42c919178d4a22c97532963a6905d16,album,FALSE,22/05/1989,22/05/1989,33,"The Invisible Man - 12"" Version (Extended Mix)",6L36pcuUYAeG95mjZCLaDy,13,1,0.796,0.595,A#,-12.419,minor,0.0512,0.0404,0.599,0.0821,0.51,120.003,328160,4,A# minor,14,NA,https://open.spotify.com/track/6L36pcuUYAeG95mjZCLaDy
Queen,1dfeR4HaWDbWqFHLkxsg1d,1v5l2sZRE5Rweew5PoNFP9,The Miracle,https://i.scdn.co/image/eba8ec2cb42c919178d4a22c97532963a6905d16,album,FALSE,22/05/1989,22/05/1989,33,"Scandal - 12"" Mix (Album Version)",3Zon70fKIKffQ48Nywf1Li,14,1,0.687,0.845,C#,-10.947,minor,0.0556,0.00266,0.134,0.0617,0.585,105.019,393933,4,C# minor,14,NA,https://open.spotify.com/track/3Zon70fKIKffQ48Nywf1Li
Queen,1dfeR4HaWDbWqFHLkxsg1d,0FbnXAGmgmWBmNthZSgm43,The Works,https://i.scdn.co/image/73101a6c923d3fb6cba6296955a39cf9492942e9,album,FALSE,27/02/1984,27/02/1984,41,Radio Ga Ga,2jAc9KIQ9XoZxkydXh3MVh,1,1,0.75,0.379,F,-12.904,major,0.0359,0.134,0.000615,0.19,0.659,112.406,348173,4,F major,39,NA,https://open.spotify.com/track/2jAc9KIQ9XoZxkydXh3MVh
Queen,1dfeR4HaWDbWqFHLkxsg1d,0FbnXAGmgmWBmNthZSgm43,The Works,https://i.scdn.co/image/73101a6c923d3fb6cba6296955a39cf9492942e9,album,FALSE,27/02/1984,27/02/1984,41,Tear It Up,7tU4wwNkxQRSIIYPyCVecY,2,1,0.526,0.667,D,-10.262,major,0.0426,0.119,0,0.0835,0.345,90.158,206173,4,D major,26,NA,https://open.spotify.com/track/7tU4wwNkxQRSIIYPyCVecY
Queen,1dfeR4HaWDbWqFHLkxsg1d,0FbnXAGmgmWBmNthZSgm43,The Works,https://i.scdn.co/image/73101a6c923d3fb6cba6296955a39cf9492942e9,album,FALSE,27/02/1984,27/02/1984,41,It's A Hard Life,5Uzgm4svJMIZq7fNXeDfEr,3,1,0.431,0.439,D#,-12.064,major,0.0277,0.382,1.08E-05,0.125,0.293,82.323,249507,4,D# major,27,NA,https://open.spotify.com/track/5Uzgm4svJMIZq7fNXeDfEr
Queen,1dfeR4HaWDbWqFHLkxsg1d,0FbnXAGmgmWBmNthZSgm43,The Works,https://i.scdn.co/image/73101a6c923d3fb6cba6296955a39cf9492942e9,album,FALSE,27/02/1984,27/02/1984,41,Man On The Prowl,3bg9mhlOpbUrnktmrfzrb4,4,1,0.561,0.729,G,-9.44,major,0.0299,0.231,5.36E-05,0.491,0.92,75.251,207773,4,G major,22,NA,https://open.spotify.com/track/3bg9mhlOpbUrnktmrfzrb4
Queen,1dfeR4HaWDbWqFHLkxsg1d,0FbnXAGmgmWBmNthZSgm43,The Works,https://i.scdn.co/image/73101a6c923d3fb6cba6296955a39cf9492942e9,album,FALSE,27/02/1984,27/02/1984,41,Machines (Back To Humans),3kxhp75BxwW51WfOB1b4eM,5,1,0.628,0.789,C,-10.403,major,0.0661,0.0155,0.0188,0.284,0.427,111.503,309907,4,C major,21,NA,https://open.spotify.com/track/3kxhp75BxwW51WfOB1b4eM
Queen,1dfeR4HaWDbWqFHLkxsg1d,0FbnXAGmgmWBmNthZSgm43,The Works,https://i.scdn.co/image/73101a6c923d3fb6cba6296955a39cf9492942e9,album,FALSE,27/02/1984,27/02/1984,41,I Want To Break Free,1IVZX29ZuEXng3ChRnp3tL,6,1,0.869,0.288,E,-15.583,major,0.0457,0.0642,0.00521,0.102,0.737,109.151,199533,4,E major,43,NA,https://open.spotify.com/track/1IVZX29ZuEXng3ChRnp3tL
Queen,1dfeR4HaWDbWqFHLkxsg1d,0FbnXAGmgmWBmNthZSgm43,The Works,https://i.scdn.co/image/73101a6c923d3fb6cba6296955a39cf9492942e9,album,FALSE,27/02/1984,27/02/1984,41,Keep Passing The Open Windows,44kYNGoNb4L0vpViG2fTLp,7,1,0.522,0.64,C,-11.046,major,0.0627,0.0386,0.000561,0.0783,0.521,160.878,321133,4,C major,24,NA,https://open.spotify.com/track/44kYNGoNb4L0vpViG2fTLp
Queen,1dfeR4HaWDbWqFHLkxsg1d,0FbnXAGmgmWBmNthZSgm43,The Works,https://i.scdn.co/image/73101a6c923d3fb6cba6296955a39cf9492942e9,album,FALSE,27/02/1984,27/02/1984,41,Hammer To Fall,2GCFcbxm61rSA8gzsDk6NJ,8,1,0.405,0.692,A,-8.851,major,0.0615,0.138,0.00036,0.26,0.604,128.444,266600,4,A major,33,NA,https://open.spotify.com/track/2GCFcbxm61rSA8gzsDk6NJ
Queen,1dfeR4HaWDbWqFHLkxsg1d,0FbnXAGmgmWBmNthZSgm43,The Works,https://i.scdn.co/image/73101a6c923d3fb6cba6296955a39cf9492942e9,album,FALSE,27/02/1984,27/02/1984,41,Is This The World We Created,2tVA4Jrp73lxUYDnogfSBs,9,1,0.404,0.111,C#,-19.146,major,0.0422,0.85,0,0.119,0.17,77.761,133160,4,C# major,26,NA,https://open.spotify.com/track/2tVA4Jrp73lxUYDnogfSBs
Queen,1dfeR4HaWDbWqFHLkxsg1d,0FbnXAGmgmWBmNthZSgm43,The Works,https://i.scdn.co/image/73101a6c923d3fb6cba6296955a39cf9492942e9,album,FALSE,27/02/1984,27/02/1984,41,I Go Crazy,1y1xXFyDWRBMQl2sw2kWpe,10,1,0.35,0.915,A,-9.075,major,0.0814,0.255,2.86E-05,0.351,0.431,85.701,222133,4,A major,22,NA,https://open.spotify.com/track/1y1xXFyDWRBMQl2sw2kWpe
Queen,1dfeR4HaWDbWqFHLkxsg1d,0FbnXAGmgmWBmNthZSgm43,The Works,https://i.scdn.co/image/73101a6c923d3fb6cba6296955a39cf9492942e9,album,FALSE,27/02/1984,27/02/1984,41,Radio Ga Ga - Extended Remix,4ZMmXDBqEooRINIk4fMsfF,11,1,0.794,0.464,F,-11.949,major,0.0396,0.244,0.00977,0.095,0.665,112.249,411360,4,F major,21,NA,https://open.spotify.com/track/4ZMmXDBqEooRINIk4fMsfF
Queen,1dfeR4HaWDbWqFHLkxsg1d,0FbnXAGmgmWBmNthZSgm43,The Works,https://i.scdn.co/image/73101a6c923d3fb6cba6296955a39cf9492942e9,album,FALSE,27/02/1984,27/02/1984,41,I Want To Break Free - Extended Mix,4gLHIuovMdUsFkDMjPel7Z,12,1,0.788,0.424,E,-11.345,major,0.0357,0.0559,0.0111,0.0431,0.61,108.977,431733,4,E major,25,NA,https://open.spotify.com/track/4gLHIuovMdUsFkDMjPel7Z
Queen,1dfeR4HaWDbWqFHLkxsg1d,4kmYoWtWvAIS43KwGuRb50,A Day At The Races,https://i.scdn.co/image/a2dab29a846f254046dc42a3249f1e2bc3248ad3,album,FALSE,10/12/1976,10/12/1976,40,Tie Your Mother Down - Remastered 2011,4GetBW8bJ8lB2Y9ugFb30p,1,1,0.289,0.891,D,-5.596,major,0.0744,0.126,7.40E-05,0.356,0.162,135.218,286693,4,D major,32,NA,https://open.spotify.com/track/4GetBW8bJ8lB2Y9ugFb30p
Queen,1dfeR4HaWDbWqFHLkxsg1d,4kmYoWtWvAIS43KwGuRb50,A Day At The Races,https://i.scdn.co/image/a2dab29a846f254046dc42a3249f1e2bc3248ad3,album,FALSE,10/12/1976,10/12/1976,40,You Take My Breath Away - Remastered 2011,6eSNjFOisAN39Pp6Mqs7wF,2,1,0.314,0.22,D#,-15.026,major,0.044,0.955,0.000102,0.124,0.0734,104.486,306480,1,D# major,32,NA,https://open.spotify.com/track/6eSNjFOisAN39Pp6Mqs7wF
Queen,1dfeR4HaWDbWqFHLkxsg1d,4kmYoWtWvAIS43KwGuRb50,A Day At The Races,https://i.scdn.co/image/a2dab29a846f254046dc42a3249f1e2bc3248ad3,album,FALSE,10/12/1976,10/12/1976,40,Long Away - Remastered 2011,6HkIKKmNZ3fQAmEz0eMlfQ,3,1,0.481,0.752,A,-6.413,major,0.0414,0.148,2.86E-06,0.267,0.317,116.938,213413,4,A major,26,NA,https://open.spotify.com/track/6HkIKKmNZ3fQAmEz0eMlfQ
Queen,1dfeR4HaWDbWqFHLkxsg1d,4kmYoWtWvAIS43KwGuRb50,A Day At The Races,https://i.scdn.co/image/a2dab29a846f254046dc42a3249f1e2bc3248ad3,album,FALSE,10/12/1976,10/12/1976,40,The Millionaire Waltz - Remastered 2011,1HRMaIn2NrJx6OZtsuusKO,4,1,0.341,0.34,A#,-7.499,major,0.036,0.636,8.71E-06,0.152,0.345,140.834,295347,4,A# major,30,NA,https://open.spotify.com/track/1HRMaIn2NrJx6OZtsuusKO
Queen,1dfeR4HaWDbWqFHLkxsg1d,4kmYoWtWvAIS43KwGuRb50,A Day At The Races,https://i.scdn.co/image/a2dab29a846f254046dc42a3249f1e2bc3248ad3,album,FALSE,10/12/1976,10/12/1976,40,You And I - Remastered 2011,5slI9XiWLx7epG4RzZ2jvr,5,1,0.53,0.871,D,-5.704,major,0.0578,0.111,0.00568,0.508,0.57,134.355,206160,4,D major,28,NA,https://open.spotify.com/track/5slI9XiWLx7epG4RzZ2jvr
Queen,1dfeR4HaWDbWqFHLkxsg1d,4kmYoWtWvAIS43KwGuRb50,A Day At The Races,https://i.scdn.co/image/a2dab29a846f254046dc42a3249f1e2bc3248ad3,album,FALSE,10/12/1976,10/12/1976,40,Somebody To Love - Remastered 2011,4ykYmUMLd18ldAXgF2B361,6,1,0.492,0.676,G#,-6.861,major,0.0516,0.172,0,0.239,0.412,110.232,296493,3,G# major,42,NA,https://open.spotify.com/track/4ykYmUMLd18ldAXgF2B361
Queen,1dfeR4HaWDbWqFHLkxsg1d,4kmYoWtWvAIS43KwGuRb50,A Day At The Races,https://i.scdn.co/image/a2dab29a846f254046dc42a3249f1e2bc3248ad3,album,FALSE,10/12/1976,10/12/1976,40,White Man - Remastered 2011,1a5i9DEL8vDyhz4McUgHQ5,7,1,0.32,0.695,G,-7.746,major,0.0734,0.0936,0,0.202,0.212,143.114,298133,4,G major,25,NA,https://open.spotify.com/track/1a5i9DEL8vDyhz4McUgHQ5
Queen,1dfeR4HaWDbWqFHLkxsg1d,4kmYoWtWvAIS43KwGuRb50,A Day At The Races,https://i.scdn.co/image/a2dab29a846f254046dc42a3249f1e2bc3248ad3,album,FALSE,10/12/1976,10/12/1976,40,Good Old-Fashioned Lover Boy - Remastered 2011,6FsBUy8pE4dvH2t2umXfCZ,8,1,0.548,0.485,D#,-6.68,major,0.0315,0.542,0,0.0587,0.38,96.775,173173,4,D# major,36,NA,https://open.spotify.com/track/6FsBUy8pE4dvH2t2umXfCZ
Queen,1dfeR4HaWDbWqFHLkxsg1d,4kmYoWtWvAIS43KwGuRb50,A Day At The Races,https://i.scdn.co/image/a2dab29a846f254046dc42a3249f1e2bc3248ad3,album,FALSE,10/12/1976,10/12/1976,40,Drowse - Remastered 2011,6cCxemPspuTmdZ1cARSwJQ,9,1,0.443,0.566,D,-10.049,major,0.0323,0.189,6.63E-06,0.139,0.478,145.46,223307,3,D major,24,NA,https://open.spotify.com/track/6cCxemPspuTmdZ1cARSwJQ
Queen,1dfeR4HaWDbWqFHLkxsg1d,4kmYoWtWvAIS43KwGuRb50,A Day At The Races,https://i.scdn.co/image/a2dab29a846f254046dc42a3249f1e2bc3248ad3,album,FALSE,10/12/1976,10/12/1976,40,Teo Torriatte (Let Us Cling Together) - Remastered 2011,3IHskHpCKKM77QJ1Mrb4Nq,10,1,0.275,0.243,D,-10.096,major,0.0289,0.698,5.82E-06,0.0972,0.13,141.62,355667,4,D major,26,NA,https://open.spotify.com/track/3IHskHpCKKM77QJ1Mrb4Nq
Queen,1dfeR4HaWDbWqFHLkxsg1d,4wy9Np1Skr6jQ46nrbFQ8L,A Night At The Opera,https://i.scdn.co/image/017de672573a061abe4330627d43b6dd4caf3da3,album,FALSE,21/11/1975,21/11/1975,62,Death On Two Legs (Dedicated To...),2YFD5f7dthnEN3EUgpcbJu,1,1,0.418,0.702,D,-6.276,major,0.0544,0.339,2.64E-05,0.12,0.511,124.872,223253,4,D major,36,NA,https://open.spotify.com/track/2YFD5f7dthnEN3EUgpcbJu
Queen,1dfeR4HaWDbWqFHLkxsg1d,4wy9Np1Skr6jQ46nrbFQ8L,A Night At The Opera,https://i.scdn.co/image/017de672573a061abe4330627d43b6dd4caf3da3,album,FALSE,21/11/1975,21/11/1975,62,Lazing On A Sunday Afternoon,4zcD3VPeIFhYgS9PKI3IMv,2,1,0.644,0.545,D#,-9.083,major,0.0659,0.433,0.00132,0.0959,0.732,131.858,67400,4,D# major,29,NA,https://open.spotify.com/track/4zcD3VPeIFhYgS9PKI3IMv
Queen,1dfeR4HaWDbWqFHLkxsg1d,4wy9Np1Skr6jQ46nrbFQ8L,A Night At The Opera,https://i.scdn.co/image/017de672573a061abe4330627d43b6dd4caf3da3,album,FALSE,21/11/1975,21/11/1975,62,I'm In Love With My Car,2zs6PTE36DWDqGyYoDxsnQ,3,1,0.29,0.804,E,-8.532,minor,0.0688,0.0122,1.52E-05,0.259,0.371,143.79,184893,3,E minor,27,NA,https://open.spotify.com/track/2zs6PTE36DWDqGyYoDxsnQ
Queen,1dfeR4HaWDbWqFHLkxsg1d,4wy9Np1Skr6jQ46nrbFQ8L,A Night At The Opera,https://i.scdn.co/image/017de672573a061abe4330627d43b6dd4caf3da3,album,FALSE,21/11/1975,21/11/1975,62,You're My Best Friend,5LVxXvAJwEkmVGCBpYkIxr,4,1,0.513,0.774,C,-7.024,major,0.0451,0.173,0.0089,0.0693,0.589,118.733,170787,4,C major,48,NA,https://open.spotify.com/track/5LVxXvAJwEkmVGCBpYkIxr
Queen,1dfeR4HaWDbWqFHLkxsg1d,4wy9Np1Skr6jQ46nrbFQ8L,A Night At The Opera,https://i.scdn.co/image/017de672573a061abe4330627d43b6dd4caf3da3,album,FALSE,21/11/1975,21/11/1975,62,'39,4AEqEi3psrGLIyQyfG7fyl,5,1,0.523,0.574,G#,-9.706,major,0.0269,0.0215,0,0.11,0.383,101.629,210800,4,G# major,33,NA,https://open.spotify.com/track/4AEqEi3psrGLIyQyfG7fyl
Queen,1dfeR4HaWDbWqFHLkxsg1d,4wy9Np1Skr6jQ46nrbFQ8L,A Night At The Opera,https://i.scdn.co/image/017de672573a061abe4330627d43b6dd4caf3da3,album,FALSE,21/11/1975,21/11/1975,62,Sweet Lady,0990gDQcnCNdI4HHP0mGsr,6,1,0.31,0.852,A,-8.841,major,0.0798,0.0152,0.000128,0.585,0.623,118.825,242120,3,A major,26,NA,https://open.spotify.com/track/0990gDQcnCNdI4HHP0mGsr
Queen,1dfeR4HaWDbWqFHLkxsg1d,4wy9Np1Skr6jQ46nrbFQ8L,A Night At The Opera,https://i.scdn.co/image/017de672573a061abe4330627d43b6dd4caf3da3,album,FALSE,21/11/1975,21/11/1975,62,Seaside Rendezvous,4CdI65AOXlY2YD0nq5mJ6v,7,1,0.457,0.704,C,-5.487,major,0.124,0.406,0,0.407,0.785,167.599,134120,4,C major,28,NA,https://open.spotify.com/track/4CdI65AOXlY2YD0nq5mJ6v
Queen,1dfeR4HaWDbWqFHLkxsg1d,4wy9Np1Skr6jQ46nrbFQ8L,A Night At The Opera,https://i.scdn.co/image/017de672573a061abe4330627d43b6dd4caf3da3,album,FALSE,21/11/1975,21/11/1975,62,The Prophet's Song,2iuYzwiVsF6OtLQyEbwkba,8,1,0.391,0.458,D,-9.702,minor,0.0463,0.32,5.39E-05,0.351,0.17,142.972,500960,4,D minor,28,NA,https://open.spotify.com/track/2iuYzwiVsF6OtLQyEbwkba
Queen,1dfeR4HaWDbWqFHLkxsg1d,4wy9Np1Skr6jQ46nrbFQ8L,A Night At The Opera,https://i.scdn.co/image/017de672573a061abe4330627d43b6dd4caf3da3,album,FALSE,21/11/1975,21/11/1975,62,Love Of My Life,29YPctSVbfAND4qhT15lUO,9,1,0.298,0.182,F,-11.561,major,0.0332,0.937,4.15E-06,0.117,0.243,81.1,217387,4,F major,45,NA,https://open.spotify.com/track/29YPctSVbfAND4qhT15lUO
Queen,1dfeR4HaWDbWqFHLkxsg1d,4wy9Np1Skr6jQ46nrbFQ8L,A Night At The Opera,https://i.scdn.co/image/017de672573a061abe4330627d43b6dd4caf3da3,album,FALSE,21/11/1975,21/11/1975,62,Good Company,1B9tey9UnLmgbUlcyAz5vd,10,1,0.503,0.413,F#,-11.205,major,0.0428,0.793,2.23E-05,0.342,0.551,183.193,203440,4,F# major,26,NA,https://open.spotify.com/track/1B9tey9UnLmgbUlcyAz5vd
Queen,1dfeR4HaWDbWqFHLkxsg1d,4wy9Np1Skr6jQ46nrbFQ8L,A Night At The Opera,https://i.scdn.co/image/017de672573a061abe4330627d43b6dd4caf3da3,album,FALSE,21/11/1975,21/11/1975,62,Bohemian Rhapsody,1KRpJeeB2JEG6AW6Uri3QX,11,1,0.43,0.385,C,-10.469,minor,0.0487,0.295,0,0.245,0.233,71.878,354347,4,C minor,70,NA,https://open.spotify.com/track/1KRpJeeB2JEG6AW6Uri3QX
Queen,1dfeR4HaWDbWqFHLkxsg1d,4wy9Np1Skr6jQ46nrbFQ8L,A Night At The Opera,https://i.scdn.co/image/017de672573a061abe4330627d43b6dd4caf3da3,album,FALSE,21/11/1975,21/11/1975,62,God Save The Queen,1v7XztesjuQMZFFZitLSFF,12,1,0.187,0.296,G,-15.347,major,0.0323,0.757,0.86,0.303,0.217,105.37,73307,4,G major,30,NA,https://open.spotify.com/track/1v7XztesjuQMZFFZitLSFF
Queen,1dfeR4HaWDbWqFHLkxsg1d,5X3rA8To5GDOeIWdQyMEcE,Jazz,https://i.scdn.co/image/264de0719e3f774beb9006fdfc9574465c959798,album,FALSE,10/11/1978,10/11/1978,46,Mustapha,2LuvP4ZdcuibKyOJm2sV9E,1,1,0.607,0.721,G,-8.826,major,0.141,0.425,2.55E-06,0.0686,0.558,152.878,180640,4,G major,29,NA,https://open.spotify.com/track/2LuvP4ZdcuibKyOJm2sV9E
Queen,1dfeR4HaWDbWqFHLkxsg1d,5X3rA8To5GDOeIWdQyMEcE,Jazz,https://i.scdn.co/image/264de0719e3f774beb9006fdfc9574465c959798,album,FALSE,10/11/1978,10/11/1978,46,Fat Bottomed Girls,39sH8Fl415P7O8GRP1Td6Z,2,1,0.252,0.657,D,-10.102,major,0.0581,0.04,1.56E-05,0.327,0.398,178.01,255533,4,D major,45,NA,https://open.spotify.com/track/39sH8Fl415P7O8GRP1Td6Z
Queen,1dfeR4HaWDbWqFHLkxsg1d,5X3rA8To5GDOeIWdQyMEcE,Jazz,https://i.scdn.co/image/264de0719e3f774beb9006fdfc9574465c959798,album,FALSE,10/11/1978,10/11/1978,46,Jealousy,56JtQ54M1VF1wlH0Qe5DNg,3,1,0.589,0.232,D#,-14.061,major,0.0269,0.418,0,0.153,0.23,80.811,193507,4,D# major,30,NA,https://open.spotify.com/track/56JtQ54M1VF1wlH0Qe5DNg
Queen,1dfeR4HaWDbWqFHLkxsg1d,5X3rA8To5GDOeIWdQyMEcE,Jazz,https://i.scdn.co/image/264de0719e3f774beb9006fdfc9574465c959798,album,FALSE,10/11/1978,10/11/1978,46,Bicycle Race,5rQKjP9forn7JVuiZBj6eZ,4,1,0.389,0.549,A#,-10.72,minor,0.0826,0.0742,1.02E-06,0.0285,0.69,164.862,182000,4,A# minor,47,NA,https://open.spotify.com/track/5rQKjP9forn7JVuiZBj6eZ
Queen,1dfeR4HaWDbWqFHLkxsg1d,5X3rA8To5GDOeIWdQyMEcE,Jazz,https://i.scdn.co/image/264de0719e3f774beb9006fdfc9574465c959798,album,FALSE,10/11/1978,10/11/1978,46,If You Can't Beat Them,45y7ecKm86mo0qZlxiAMrF,5,1,0.433,0.657,D,-10.07,major,0.0575,4.00E-04,0.00162,0.277,0.716,140.457,255427,4,D major,28,NA,https://open.spotify.com/track/45y7ecKm86mo0qZlxiAMrF
Queen,1dfeR4HaWDbWqFHLkxsg1d,5X3rA8To5GDOeIWdQyMEcE,Jazz,https://i.scdn.co/image/264de0719e3f774beb9006fdfc9574465c959798,album,FALSE,10/11/1978,10/11/1978,46,Let Me Entertain You,3La5LAAtOfriFxZi97ybSK,6,1,0.298,0.823,B,-8.487,minor,0.282,0.0274,0.00014,0.807,0.656,209.606,181867,3,B minor,28,NA,https://open.spotify.com/track/3La5LAAtOfriFxZi97ybSK
Queen,1dfeR4HaWDbWqFHLkxsg1d,5X3rA8To5GDOeIWdQyMEcE,Jazz,https://i.scdn.co/image/264de0719e3f774beb9006fdfc9574465c959798,album,FALSE,10/11/1978,10/11/1978,46,Dead On Time,4rVONof5K5HYxeKKg4LrIG,7,1,0.311,0.854,B,-8.523,minor,0.25,0.00571,0.000185,0.198,0.524,144.265,203027,4,B minor,26,NA,https://open.spotify.com/track/4rVONof5K5HYxeKKg4LrIG
Queen,1dfeR4HaWDbWqFHLkxsg1d,5X3rA8To5GDOeIWdQyMEcE,Jazz,https://i.scdn.co/image/264de0719e3f774beb9006fdfc9574465c959798,album,FALSE,10/11/1978,10/11/1978,46,In Only Seven Days,11xsNaZtCXrpfTvsBfvmq5,8,1,0.515,0.353,D,-12.705,major,0.0326,0.318,1.12E-06,0.191,0.46,115.25,148867,4,D major,26,NA,https://open.spotify.com/track/11xsNaZtCXrpfTvsBfvmq5
Queen,1dfeR4HaWDbWqFHLkxsg1d,5X3rA8To5GDOeIWdQyMEcE,Jazz,https://i.scdn.co/image/264de0719e3f774beb9006fdfc9574465c959798,album,FALSE,10/11/1978,10/11/1978,46,Dreamers Ball,071dBBTECiX4tEAiXkdh3S,9,1,0.618,0.298,A,-11.336,major,0.034,0.763,0,0.422,0.434,91.697,210040,4,A major,28,NA,https://open.spotify.com/track/071dBBTECiX4tEAiXkdh3S
Queen,1dfeR4HaWDbWqFHLkxsg1d,5X3rA8To5GDOeIWdQyMEcE,Jazz,https://i.scdn.co/image/264de0719e3f774beb9006fdfc9574465c959798,album,FALSE,10/11/1978,10/11/1978,46,Fun It,7FjQGY2MuMWDTtr8iXLiE8,10,1,0.832,0.479,C,-11.355,major,0.314,0.0922,0.00699,0.0645,0.891,113.921,208800,4,C major,25,NA,https://open.spotify.com/track/7FjQGY2MuMWDTtr8iXLiE8
Queen,1dfeR4HaWDbWqFHLkxsg1d,5X3rA8To5GDOeIWdQyMEcE,Jazz,https://i.scdn.co/image/264de0719e3f774beb9006fdfc9574465c959798,album,FALSE,10/11/1978,10/11/1978,46,Leaving Home Ain't Easy,7cn3biwPOacPeUQpFW6Lvc,11,1,0.503,0.299,D,-14.976,major,0.0292,0.0363,0,0.105,0.215,107.621,194667,4,D major,25,NA,https://open.spotify.com/track/7cn3biwPOacPeUQpFW6Lvc
Queen,1dfeR4HaWDbWqFHLkxsg1d,5X3rA8To5GDOeIWdQyMEcE,Jazz,https://i.scdn.co/image/264de0719e3f774beb9006fdfc9574465c959798,album,FALSE,10/11/1978,10/11/1978,46,Don't Stop Me Now,43DHLzDkncpby82Po5jlOZ,12,1,0.56,0.746,F,-9.957,major,0.172,0.0653,0.000394,0.51,0.619,156.435,209560,4,F major,43,NA,https://open.spotify.com/track/43DHLzDkncpby82Po5jlOZ
Queen,1dfeR4HaWDbWqFHLkxsg1d,5X3rA8To5GDOeIWdQyMEcE,Jazz,https://i.scdn.co/image/264de0719e3f774beb9006fdfc9574465c959798,album,FALSE,10/11/1978,10/11/1978,46,More Of That Jazz,1lNI5ekZzfEgvv2pFkiyOk,13,1,0.369,0.576,C,-10.469,major,0.0566,0.0196,5.89E-05,0.0818,0.508,174.329,254827,4,C major,25,NA,https://open.spotify.com/track/1lNI5ekZzfEgvv2pFkiyOk
Queen,1dfeR4HaWDbWqFHLkxsg1d,5X3rA8To5GDOeIWdQyMEcE,Jazz,https://i.scdn.co/image/264de0719e3f774beb9006fdfc9574465c959798,album,FALSE,10/11/1978,10/11/1978,46,Fat Bottomed Girls - 1991 Bonus Remix,16kAsTEWrmiu9zhtFUcNKG,14,1,0.234,0.615,G,-10.086,major,0.0631,0.00425,1.64E-06,0.302,0.376,177.942,263333,4,G major,27,NA,https://open.spotify.com/track/16kAsTEWrmiu9zhtFUcNKG
Queen,1dfeR4HaWDbWqFHLkxsg1d,5X3rA8To5GDOeIWdQyMEcE,Jazz,https://i.scdn.co/image/264de0719e3f774beb9006fdfc9574465c959798,album,FALSE,10/11/1978,10/11/1978,46,Bicycle Race - 1991 Bonus Remix,1dyBlnbit81JXdW8oYSMer,15,1,0.569,0.654,C#,-13.292,major,0.234,0.0374,0.000746,0.0793,0.595,85.666,298000,4,C# major,21,NA,https://open.spotify.com/track/1dyBlnbit81JXdW8oYSMer
Queen,1dfeR4HaWDbWqFHLkxsg1d,3TKTjR4E3LAMfRsPeRsNhT,News Of The World,https://i.scdn.co/image/3c7c145b8912e8553f852ab8e6460dd1aa159ae0,album,FALSE,28/10/1977,28/10/1977,42,We Will Rock You,0a9sd6MEXZXIPHk0fAxpZ4,1,1,0.693,0.43,B,-10.25,minor,0.0792,0.642,0,0.311,0.516,81.413,121973,4,B minor,40,NA,https://open.spotify.com/track/0a9sd6MEXZXIPHk0fAxpZ4
Queen,1dfeR4HaWDbWqFHLkxsg1d,3TKTjR4E3LAMfRsPeRsNhT,News Of The World,https://i.scdn.co/image/3c7c145b8912e8553f852ab8e6460dd1aa159ae0,album,FALSE,28/10/1977,28/10/1977,42,We Are The Champions,4kzvAGJirpZ9ethvKZdJtg,2,1,0.46,0.482,A#,-7.413,major,0.0285,0.23,0,0.101,0.202,94.975,180667,3,A# major,43,NA,https://open.spotify.com/track/4kzvAGJirpZ9ethvKZdJtg
Queen,1dfeR4HaWDbWqFHLkxsg1d,3TKTjR4E3LAMfRsPeRsNhT,News Of The World,https://i.scdn.co/image/3c7c145b8912e8553f852ab8e6460dd1aa159ae0,album,FALSE,28/10/1977,28/10/1977,42,Sheer Heart Attack,51WaksrkxDnWH13oabHpJ1,3,1,0.172,0.874,D#,-8.12,major,0.0724,0.00507,0.0214,0.371,0.439,185.255,205000,4,D# major,30,NA,https://open.spotify.com/track/51WaksrkxDnWH13oabHpJ1
Queen,1dfeR4HaWDbWqFHLkxsg1d,3TKTjR4E3LAMfRsPeRsNhT,News Of The World,https://i.scdn.co/image/3c7c145b8912e8553f852ab8e6460dd1aa159ae0,album,FALSE,28/10/1977,28/10/1977,42,"All Dead, All Dead",2TZFIU3tMAQNhMfcFWPTUb,4,1,0.469,0.069,F,-16.03,major,0.0392,0.706,4.09E-05,0.127,0.216,131.576,189973,3,F major,30,NA,https://open.spotify.com/track/2TZFIU3tMAQNhMfcFWPTUb
Queen,1dfeR4HaWDbWqFHLkxsg1d,3TKTjR4E3LAMfRsPeRsNhT,News Of The World,https://i.scdn.co/image/3c7c145b8912e8553f852ab8e6460dd1aa159ae0,album,FALSE,28/10/1977,28/10/1977,42,Spread Your Wings,0MqUyrjDnnEKSyDJbFRZGg,5,1,0.378,0.453,A,-12.12,major,0.0321,0.465,0.000143,0.083,0.475,173.908,274467,4,A major,30,NA,https://open.spotify.com/track/0MqUyrjDnnEKSyDJbFRZGg
Queen,1dfeR4HaWDbWqFHLkxsg1d,3TKTjR4E3LAMfRsPeRsNhT,News Of The World,https://i.scdn.co/image/3c7c145b8912e8553f852ab8e6460dd1aa159ae0,album,FALSE,28/10/1977,28/10/1977,42,Fight From The Inside,2LaOsTFLv7QvllN3yPKQqc,6,1,0.577,0.696,F,-10.59,major,0.0616,0.23,0.000228,0.527,0.349,89.897,183467,4,F major,26,NA,https://open.spotify.com/track/2LaOsTFLv7QvllN3yPKQqc
Queen,1dfeR4HaWDbWqFHLkxsg1d,3TKTjR4E3LAMfRsPeRsNhT,News Of The World,https://i.scdn.co/image/3c7c145b8912e8553f852ab8e6460dd1aa159ae0,album,FALSE,28/10/1977,28/10/1977,42,"Get Down, Make Love",4Bgluc807xGpxehxW6Uvn7,7,1,0.445,0.565,G#,-8.615,major,0.23,0.46,1.61E-06,0.295,0.485,142.993,231400,4,G# major,28,NA,https://open.spotify.com/track/4Bgluc807xGpxehxW6Uvn7
Queen,1dfeR4HaWDbWqFHLkxsg1d,3TKTjR4E3LAMfRsPeRsNhT,News Of The World,https://i.scdn.co/image/3c7c145b8912e8553f852ab8e6460dd1aa159ae0,album,FALSE,28/10/1977,28/10/1977,42,Sleeping On The Sidewalk,4POnIp2RNhXnpn8aoVxIQo,8,1,0.6,0.626,E,-11.184,major,0.029,0.525,0.00072,0.47,0.624,129.492,186800,4,E major,25,NA,https://open.spotify.com/track/4POnIp2RNhXnpn8aoVxIQo
Queen,1dfeR4HaWDbWqFHLkxsg1d,3TKTjR4E3LAMfRsPeRsNhT,News Of The World,https://i.scdn.co/image/3c7c145b8912e8553f852ab8e6460dd1aa159ae0,album,FALSE,28/10/1977,28/10/1977,42,Who Needs You,2lH5YKYw4kEH9gCKMHfKI2,9,1,0.852,0.342,A,-15.396,major,0.0582,0.231,8.63E-05,0.254,0.911,120.632,185560,4,A major,26,NA,https://open.spotify.com/track/2lH5YKYw4kEH9gCKMHfKI2
Queen,1dfeR4HaWDbWqFHLkxsg1d,3TKTjR4E3LAMfRsPeRsNhT,News Of The World,https://i.scdn.co/image/3c7c145b8912e8553f852ab8e6460dd1aa159ae0,album,FALSE,28/10/1977,28/10/1977,42,It's Late,20tTHycMGXBlar5C0sOw0H,10,1,0.291,0.572,A,-8.515,major,0.0458,0.27,6.89E-06,0.0842,0.565,182.327,386267,4,A major,29,NA,https://open.spotify.com/track/20tTHycMGXBlar5C0sOw0H
Queen,1dfeR4HaWDbWqFHLkxsg1d,3TKTjR4E3LAMfRsPeRsNhT,News Of The World,https://i.scdn.co/image/3c7c145b8912e8553f852ab8e6460dd1aa159ae0,album,FALSE,28/10/1977,28/10/1977,42,My Melancholy Blues,29fAHjBdqcEVeo2GxvGi9P,11,1,0.498,0.159,D#,-17.072,major,0.0315,0.78,0,0.135,0.0977,103.316,209293,4,D# major,30,NA,https://open.spotify.com/track/29fAHjBdqcEVeo2GxvGi9P
Queen,1dfeR4HaWDbWqFHLkxsg1d,3TKTjR4E3LAMfRsPeRsNhT,News Of The World,https://i.scdn.co/image/3c7c145b8912e8553f852ab8e6460dd1aa159ae0,album,FALSE,28/10/1977,28/10/1977,42,We Will Rock You - 1991 Bonus Remix Ruined By Rick Rubin,0eWxcDotlBINtiF09eYuiK,12,1,0.417,0.765,D,-10.897,major,0.287,0.329,1.69E-06,0.12,0.278,164.391,300867,4,D major,23,NA,https://open.spotify.com/track/0eWxcDotlBINtiF09eYuiK
Queen,1dfeR4HaWDbWqFHLkxsg1d,4pWZpsADqCWTiTxk55TFkd,Queen,https://i.scdn.co/image/eb96eab096a91b51b7222f308b8c86d4969bc24d,album,FALSE,13/07/1973,13/07/1973,26,Keep Yourself Alive,2EmfcQf0jA1u1TKcTPPYqG,1,1,0.445,0.646,A,-11.949,major,0.0655,0.146,0.000227,0.113,0.641,134.063,227493,4,A major,23,NA,https://open.spotify.com/track/2EmfcQf0jA1u1TKcTPPYqG
Queen,1dfeR4HaWDbWqFHLkxsg1d,4pWZpsADqCWTiTxk55TFkd,Queen,https://i.scdn.co/image/eb96eab096a91b51b7222f308b8c86d4969bc24d,album,FALSE,13/07/1973,13/07/1973,26,Doing Alright,5yyxSTm1y76IOTILmSJjtB,2,1,0.344,0.234,A,-14.257,major,0.0341,0.751,8.04E-05,0.0816,0.22,93.598,249827,4,A major,15,NA,https://open.spotify.com/track/5yyxSTm1y76IOTILmSJjtB
Queen,1dfeR4HaWDbWqFHLkxsg1d,4pWZpsADqCWTiTxk55TFkd,Queen,https://i.scdn.co/image/eb96eab096a91b51b7222f308b8c86d4969bc24d,album,FALSE,13/07/1973,13/07/1973,26,Great King Rat,7rLLpx4UjHmABRJ7fliLGK,3,1,0.392,0.779,C,-12.693,major,0.0956,0.0314,0.00226,0.127,0.446,134.899,342200,4,C major,16,NA,https://open.spotify.com/track/7rLLpx4UjHmABRJ7fliLGK
Queen,1dfeR4HaWDbWqFHLkxsg1d,4pWZpsADqCWTiTxk55TFkd,Queen,https://i.scdn.co/image/eb96eab096a91b51b7222f308b8c86d4969bc24d,album,FALSE,13/07/1973,13/07/1973,26,My Fairy King,0GBFR8KYFZspiTqwkHPcPo,4,1,0.338,0.408,F,-13.845,major,0.0328,0.557,0.00226,0.0911,0.247,100.698,247840,4,F major,15,NA,https://open.spotify.com/track/0GBFR8KYFZspiTqwkHPcPo
Queen,1dfeR4HaWDbWqFHLkxsg1d,4pWZpsADqCWTiTxk55TFkd,Queen,https://i.scdn.co/image/eb96eab096a91b51b7222f308b8c86d4969bc24d,album,FALSE,13/07/1973,13/07/1973,26,Liar,4RtYbFW1OK2zS8vhXOKWIP,5,1,0.217,0.629,D,-11.995,major,0.107,0.00599,0.161,0.257,0.325,76.073,386307,4,D major,28,NA,https://open.spotify.com/track/4RtYbFW1OK2zS8vhXOKWIP
Queen,1dfeR4HaWDbWqFHLkxsg1d,4pWZpsADqCWTiTxk55TFkd,Queen,https://i.scdn.co/image/eb96eab096a91b51b7222f308b8c86d4969bc24d,album,FALSE,13/07/1973,13/07/1973,26,The Night Comes Down,5hgUWISyGSznB6NF8Znyv7,6,1,0.404,0.428,E,-16.886,minor,0.0687,0.623,0.000398,0.308,0.659,142.299,263707,4,E minor,13,NA,https://open.spotify.com/track/5hgUWISyGSznB6NF8Znyv7
Queen,1dfeR4HaWDbWqFHLkxsg1d,4pWZpsADqCWTiTxk55TFkd,Queen,https://i.scdn.co/image/eb96eab096a91b51b7222f308b8c86d4969bc24d,album,FALSE,13/07/1973,13/07/1973,26,Modern Times Rock'n'Roll,2vxfqzATsm4nHB6KTjuVC9,7,1,0.483,0.844,E,-12.835,minor,0.0469,0.0384,2.18E-05,0.828,0.568,115.614,108373,4,E minor,12,NA,https://open.spotify.com/track/2vxfqzATsm4nHB6KTjuVC9
Queen,1dfeR4HaWDbWqFHLkxsg1d,4pWZpsADqCWTiTxk55TFkd,Queen,https://i.scdn.co/image/eb96eab096a91b51b7222f308b8c86d4969bc24d,album,FALSE,13/07/1973,13/07/1973,26,Son And Daughter,3NpW2HzdSpIx8H9rbuzTz8,8,1,0.33,0.624,D,-11.382,major,0.0445,0.152,0.0332,0.308,0.763,144.564,200107,4,D major,12,NA,https://open.spotify.com/track/3NpW2HzdSpIx8H9rbuzTz8
Queen,1dfeR4HaWDbWqFHLkxsg1d,4pWZpsADqCWTiTxk55TFkd,Queen,https://i.scdn.co/image/eb96eab096a91b51b7222f308b8c86d4969bc24d,album,FALSE,13/07/1973,13/07/1973,26,Jesus,6fbNPRsDNTW0Aw7lFy3Hkl,9,1,0.353,0.595,B,-11.791,minor,0.14,0.224,0,0.109,0.577,114.685,224667,4,B minor,12,NA,https://open.spotify.com/track/6fbNPRsDNTW0Aw7lFy3Hkl
Queen,1dfeR4HaWDbWqFHLkxsg1d,4pWZpsADqCWTiTxk55TFkd,Queen,https://i.scdn.co/image/eb96eab096a91b51b7222f308b8c86d4969bc24d,album,FALSE,13/07/1973,13/07/1973,26,Seven Seas Of Rhye...,56BK3QSRRxiGbS0QyqgJm7,10,1,0.24,0.305,D,-16.853,major,0.0331,0.803,0.931,0.148,0.218,128.423,70133,4,D major,12,NA,https://open.spotify.com/track/56BK3QSRRxiGbS0QyqgJm7
Queen,1dfeR4HaWDbWqFHLkxsg1d,27NQ6MZdfHZx4hHtId1zxV,Queen II,https://i.scdn.co/image/5c7d5799746a1a5c11218f4e041ea21ae640d0ae,album,FALSE,08/03/1974,08/03/1974,31,Procession,7wXjDWdvt2u8jREGrOTnQa,1,1,0.273,0.0914,G,-26.419,major,0.0374,0.817,0.597,0.117,0.412,117.067,72533,3,G major,16,NA,https://open.spotify.com/track/7wXjDWdvt2u8jREGrOTnQa
Queen,1dfeR4HaWDbWqFHLkxsg1d,27NQ6MZdfHZx4hHtId1zxV,Queen II,https://i.scdn.co/image/5c7d5799746a1a5c11218f4e041ea21ae640d0ae,album,FALSE,08/03/1974,08/03/1974,31,Father To Son,6M9wbmFXEl1OMTEElE13eC,2,1,0.163,0.557,C,-14.908,major,0.0579,0.209,4.69E-05,0.196,0.218,151.934,374267,4,C major,19,NA,https://open.spotify.com/track/6M9wbmFXEl1OMTEElE13eC
Queen,1dfeR4HaWDbWqFHLkxsg1d,27NQ6MZdfHZx4hHtId1zxV,Queen II,https://i.scdn.co/image/5c7d5799746a1a5c11218f4e041ea21ae640d0ae,album,FALSE,08/03/1974,08/03/1974,31,White Queen (As It Began),1GRvyOvPUecjL48yt6w0I6,3,1,0.242,0.272,E,-14.858,minor,0.041,0.843,3.54E-05,0.121,0.156,152.163,274533,4,E minor,18,NA,https://open.spotify.com/track/1GRvyOvPUecjL48yt6w0I6
Queen,1dfeR4HaWDbWqFHLkxsg1d,27NQ6MZdfHZx4hHtId1zxV,Queen II,https://i.scdn.co/image/5c7d5799746a1a5c11218f4e041ea21ae640d0ae,album,FALSE,08/03/1974,08/03/1974,31,Some Day One Day,7fQu2ozRRJxwqX7V48NO2R,4,1,0.287,0.512,D,-15.632,major,0.0374,0.265,0.00884,0.0708,0.681,117.134,262440,4,D major,17,NA,https://open.spotify.com/track/7fQu2ozRRJxwqX7V48NO2R
Queen,1dfeR4HaWDbWqFHLkxsg1d,27NQ6MZdfHZx4hHtId1zxV,Queen II,https://i.scdn.co/image/5c7d5799746a1a5c11218f4e041ea21ae640d0ae,album,FALSE,08/03/1974,08/03/1974,31,The Loser In The End,1WEGjzfim3jPfOTUqI4wte,5,1,0.395,0.651,D,-13.007,major,0.107,0.0437,7.46E-06,0.155,0.854,144.779,243733,4,D major,15,NA,https://open.spotify.com/track/1WEGjzfim3jPfOTUqI4wte
Queen,1dfeR4HaWDbWqFHLkxsg1d,27NQ6MZdfHZx4hHtId1zxV,Queen II,https://i.scdn.co/image/5c7d5799746a1a5c11218f4e041ea21ae640d0ae,album,FALSE,08/03/1974,08/03/1974,31,Ogre Battle,05ptbmlwsiUbS1p7z2tcmV,6,1,0.293,0.731,D,-12.087,major,0.0776,0.428,0.000368,0.659,0.296,109.839,248267,4,D major,17,NA,https://open.spotify.com/track/05ptbmlwsiUbS1p7z2tcmV
Queen,1dfeR4HaWDbWqFHLkxsg1d,27NQ6MZdfHZx4hHtId1zxV,Queen II,https://i.scdn.co/image/5c7d5799746a1a5c11218f4e041ea21ae640d0ae,album,FALSE,08/03/1974,08/03/1974,31,The Fairy Feller's Master-Stroke,3eKQFN3M2TStjjJgrrS12P,7,1,0.428,0.799,C,-12.615,major,0.0862,0.295,0.00159,0.118,0.697,159.101,161227,4,C major,18,NA,https://open.spotify.com/track/3eKQFN3M2TStjjJgrrS12P
Queen,1dfeR4HaWDbWqFHLkxsg1d,27NQ6MZdfHZx4hHtId1zxV,Queen II,https://i.scdn.co/image/5c7d5799746a1a5c11218f4e041ea21ae640d0ae,album,FALSE,08/03/1974,08/03/1974,31,Nevermore,0fbbXLTsSfXFsPWPP8wqCk,8,1,0.371,0.327,F,-14.205,major,0.0367,0.855,1.41E-05,0.126,0.193,119.589,78773,3,F major,20,NA,https://open.spotify.com/track/0fbbXLTsSfXFsPWPP8wqCk
Queen,1dfeR4HaWDbWqFHLkxsg1d,27NQ6MZdfHZx4hHtId1zxV,Queen II,https://i.scdn.co/image/5c7d5799746a1a5c11218f4e041ea21ae640d0ae,album,FALSE,08/03/1974,08/03/1974,31,The March Of The Black Queen,25EQl2Pfu9EBTHYRLWKSTS,9,1,0.329,0.548,A,-12.96,minor,0.0672,0.209,4.55E-06,0.687,0.206,113.204,393733,4,A minor,26,NA,https://open.spotify.com/track/25EQl2Pfu9EBTHYRLWKSTS
Queen,1dfeR4HaWDbWqFHLkxsg1d,27NQ6MZdfHZx4hHtId1zxV,Queen II,https://i.scdn.co/image/5c7d5799746a1a5c11218f4e041ea21ae640d0ae,album,FALSE,08/03/1974,08/03/1974,31,Funny How Love Is,3hzKUets8cXN6av2sWLdq4,10,1,0.45,0.912,C,-11.927,major,0.0574,0.00415,0,0.589,0.554,145.416,168533,4,C major,16,NA,https://open.spotify.com/track/3hzKUets8cXN6av2sWLdq4
Queen,1dfeR4HaWDbWqFHLkxsg1d,27NQ6MZdfHZx4hHtId1zxV,Queen II,https://i.scdn.co/image/5c7d5799746a1a5c11218f4e041ea21ae640d0ae,album,FALSE,08/03/1974,08/03/1974,31,Seven Seas Of Rhye,0DcSF5ps2EL7dXrjmmWs8x,11,1,0.356,0.75,D,-10.779,major,0.0996,0.187,0.00151,0.237,0.396,125.631,169507,4,D major,34,NA,https://open.spotify.com/track/0DcSF5ps2EL7dXrjmmWs8x
Queen,1dfeR4HaWDbWqFHLkxsg1d,1VP4MvaxYgl0XHeLZHnfcq,Sheer Heart Attack,https://i.scdn.co/image/a677891fc92543f76547e16ea65cfc6c0ebf60f7,album,FALSE,08/11/1974,08/11/1974,49,Brighton Rock,5ine6nkf8CZJXCfgEfn7T7,1,1,0.272,0.755,B,-11.993,minor,0.436,0.431,0.0102,0.785,0.375,79.771,310560,4,B minor,36,NA,https://open.spotify.com/track/5ine6nkf8CZJXCfgEfn7T7
Queen,1dfeR4HaWDbWqFHLkxsg1d,1VP4MvaxYgl0XHeLZHnfcq,Sheer Heart Attack,https://i.scdn.co/image/a677891fc92543f76547e16ea65cfc6c0ebf60f7,album,FALSE,08/11/1974,08/11/1974,49,Killer Queen,70wvmV1Dyg1xWtCYSngm4R,2,1,0.568,0.519,A#,-11.354,major,0.0447,0.31,0,0.0711,0.617,117.28,180360,4,A# major,55,NA,https://open.spotify.com/track/70wvmV1Dyg1xWtCYSngm4R
Queen,1dfeR4HaWDbWqFHLkxsg1d,1VP4MvaxYgl0XHeLZHnfcq,Sheer Heart Attack,https://i.scdn.co/image/a677891fc92543f76547e16ea65cfc6c0ebf60f7,album,FALSE,08/11/1974,08/11/1974,49,Tenement Funster,30n5ghjGZabA9JrTHJrtAt,3,1,0.303,0.586,E,-10.879,minor,0.0346,0.124,3.88E-05,0.614,0.491,84.024,167093,4,E minor,21,NA,https://open.spotify.com/track/30n5ghjGZabA9JrTHJrtAt
Queen,1dfeR4HaWDbWqFHLkxsg1d,1VP4MvaxYgl0XHeLZHnfcq,Sheer Heart Attack,https://i.scdn.co/image/a677891fc92543f76547e16ea65cfc6c0ebf60f7,album,FALSE,08/11/1974,08/11/1974,49,Flick Of The Wrist,21DM5qSRvY9bangP3rMCQQ,4,1,0.333,0.721,E,-10.801,minor,0.0823,0.15,2.61E-06,0.747,0.642,148.571,199333,4,E minor,21,NA,https://open.spotify.com/track/21DM5qSRvY9bangP3rMCQQ
Queen,1dfeR4HaWDbWqFHLkxsg1d,1VP4MvaxYgl0XHeLZHnfcq,Sheer Heart Attack,https://i.scdn.co/image/a677891fc92543f76547e16ea65cfc6c0ebf60f7,album,FALSE,08/11/1974,08/11/1974,49,Lily Of The Valley,2SC7kQJNX094OOlzfWEjQn,5,1,0.333,0.182,A,-14.76,minor,0.0295,0.719,0,0.161,0.473,80.879,103040,4,A minor,20,NA,https://open.spotify.com/track/2SC7kQJNX094OOlzfWEjQn
Queen,1dfeR4HaWDbWqFHLkxsg1d,1VP4MvaxYgl0XHeLZHnfcq,Sheer Heart Attack,https://i.scdn.co/image/a677891fc92543f76547e16ea65cfc6c0ebf60f7,album,FALSE,08/11/1974,08/11/1974,49,Now I'm Here,2h4hB9YWR40SWIHJJHVhQt,6,1,0.478,0.577,E,-12.82,major,0.0482,0.0687,0.000199,0.0868,0.539,132.356,254440,4,E major,40,NA,https://open.spotify.com/track/2h4hB9YWR40SWIHJJHVhQt
Queen,1dfeR4HaWDbWqFHLkxsg1d,1VP4MvaxYgl0XHeLZHnfcq,Sheer Heart Attack,https://i.scdn.co/image/a677891fc92543f76547e16ea65cfc6c0ebf60f7,album,FALSE,08/11/1974,08/11/1974,49,In The Lap Of The Gods,0Ot8sOYhwOYgQ7vebKvrzv,7,1,0.371,0.468,F,-9.679,major,0.0283,0.695,0.00129,0.371,0.328,80.465,202600,4,F major,19,NA,https://open.spotify.com/track/0Ot8sOYhwOYgQ7vebKvrzv
Queen,1dfeR4HaWDbWqFHLkxsg1d,1VP4MvaxYgl0XHeLZHnfcq,Sheer Heart Attack,https://i.scdn.co/image/a677891fc92543f76547e16ea65cfc6c0ebf60f7,album,FALSE,08/11/1974,08/11/1974,49,Stone Cold Crazy,2MvlkJjcQL7Q5dmpRia5lE,8,1,0.445,0.774,G,-11.489,major,0.062,0.0739,0.000758,0.0993,0.554,119.995,134093,4,G major,43,NA,https://open.spotify.com/track/2MvlkJjcQL7Q5dmpRia5lE
Queen,1dfeR4HaWDbWqFHLkxsg1d,1VP4MvaxYgl0XHeLZHnfcq,Sheer Heart Attack,https://i.scdn.co/image/a677891fc92543f76547e16ea65cfc6c0ebf60f7,album,FALSE,08/11/1974,08/11/1974,49,Dear Friends,0KwkZuY3tvbrlCsqn8ynGP,9,1,0.26,0.0379,D,-18.634,major,0.0341,0.868,0,0.126,0.561,69.7,67173,4,D major,19,NA,https://open.spotify.com/track/0KwkZuY3tvbrlCsqn8ynGP
Queen,1dfeR4HaWDbWqFHLkxsg1d,1VP4MvaxYgl0XHeLZHnfcq,Sheer Heart Attack,https://i.scdn.co/image/a677891fc92543f76547e16ea65cfc6c0ebf60f7,album,FALSE,08/11/1974,08/11/1974,49,Misfire,5rUA6KETxMyTlyZ4XN2Xyp,10,1,0.619,0.669,G#,-12.492,major,0.0305,0.0715,0.0214,0.461,0.943,126.285,109760,4,G# major,17,NA,https://open.spotify.com/track/5rUA6KETxMyTlyZ4XN2Xyp
Queen,1dfeR4HaWDbWqFHLkxsg1d,1VP4MvaxYgl0XHeLZHnfcq,Sheer Heart Attack,https://i.scdn.co/image/a677891fc92543f76547e16ea65cfc6c0ebf60f7,album,FALSE,08/11/1974,08/11/1974,49,Bring Back That Leroy Brown,5UIvomX83C99MjRhgE56c2,11,1,0.681,0.487,C,-11.24,major,0.111,0.52,0,0.122,0.882,118.523,135333,4,C major,18,NA,https://open.spotify.com/track/5UIvomX83C99MjRhgE56c2
Queen,1dfeR4HaWDbWqFHLkxsg1d,1VP4MvaxYgl0XHeLZHnfcq,Sheer Heart Attack,https://i.scdn.co/image/a677891fc92543f76547e16ea65cfc6c0ebf60f7,album,FALSE,08/11/1974,08/11/1974,49,She Makes Me (Stormtrooper In Stilettos),3PFKogVtgrMTHeuxbJJBkI,12,1,0.438,0.425,D,-11.965,major,0.0262,0.364,0.000167,0.0934,0.346,76.778,249440,4,D major,16,NA,https://open.spotify.com/track/3PFKogVtgrMTHeuxbJJBkI
Queen,1dfeR4HaWDbWqFHLkxsg1d,1VP4MvaxYgl0XHeLZHnfcq,Sheer Heart Attack,https://i.scdn.co/image/a677891fc92543f76547e16ea65cfc6c0ebf60f7,album,FALSE,08/11/1974,08/11/1974,49,In The Lap Of The Gods... Revisited,5dGhOE5LMwC3BDeewUz8Yn,13,1,0.296,0.525,D,-11.1,major,0.0395,0.464,0,0.239,0.494,100.708,226107,4,D major,23,NA,https://open.spotify.com/track/5dGhOE5LMwC3BDeewUz8Yn
Queen,1dfeR4HaWDbWqFHLkxsg1d,1h0j80HhdzIMsUGUFiVkqa,The Game,https://i.scdn.co/image/a36fb14484f79074e743faa4ee361d2d11a23724,album,FALSE,27/06/1980,27/06/1980,33,Play The Game,6hyjl7z58fwPpx8273ilOC,1,1,0.407,0.507,F,-11.785,major,0.0304,0.264,5.49E-06,0.548,0.36,78.496,210933,4,F major,27,NA,https://open.spotify.com/track/6hyjl7z58fwPpx8273ilOC
Queen,1dfeR4HaWDbWqFHLkxsg1d,1h0j80HhdzIMsUGUFiVkqa,The Game,https://i.scdn.co/image/a36fb14484f79074e743faa4ee361d2d11a23724,album,FALSE,27/06/1980,27/06/1980,33,Dragon Attack,6GT9NVRrfjQFJvanUnBP5W,2,1,0.686,0.709,C,-11.2,major,0.122,0.13,0.00121,0.244,0.609,88.14,258893,4,C major,24,NA,https://open.spotify.com/track/6GT9NVRrfjQFJvanUnBP5W
Queen,1dfeR4HaWDbWqFHLkxsg1d,1h0j80HhdzIMsUGUFiVkqa,The Game,https://i.scdn.co/image/a36fb14484f79074e743faa4ee361d2d11a23724,album,FALSE,27/06/1980,27/06/1980,33,Another One Bites The Dust,291RmMazWAmDitFuD6NJCv,3,1,0.925,0.374,F,-13.15,minor,0.119,0.0706,0.162,0.124,0.766,109.914,215867,4,F minor,31,NA,https://open.spotify.com/track/291RmMazWAmDitFuD6NJCv
Queen,1dfeR4HaWDbWqFHLkxsg1d,1h0j80HhdzIMsUGUFiVkqa,The Game,https://i.scdn.co/image/a36fb14484f79074e743faa4ee361d2d11a23724,album,FALSE,27/06/1980,27/06/1980,33,Need Your Loving Tonight,2EbGKnLDMhVuPzJA3TNnse,4,1,0.623,0.699,A,-10.011,major,0.0354,0.193,0,0.132,0.855,137.776,169173,4,A major,23,NA,https://open.spotify.com/track/2EbGKnLDMhVuPzJA3TNnse
Queen,1dfeR4HaWDbWqFHLkxsg1d,1h0j80HhdzIMsUGUFiVkqa,The Game,https://i.scdn.co/image/a36fb14484f79074e743faa4ee361d2d11a23724,album,FALSE,27/06/1980,27/06/1980,33,Crazy Little Thing Called Love,2NpKgRCZfFb8fVmvk16iMx,5,1,0.623,0.574,D,-13.413,minor,0.0434,0.511,0,0.127,0.745,76.842,163427,4,D minor,32,NA,https://open.spotify.com/track/2NpKgRCZfFb8fVmvk16iMx
Queen,1dfeR4HaWDbWqFHLkxsg1d,1h0j80HhdzIMsUGUFiVkqa,The Game,https://i.scdn.co/image/a36fb14484f79074e743faa4ee361d2d11a23724,album,FALSE,27/06/1980,27/06/1980,33,Rock It (Prime Jive),7MN5Bk68lTYQJF7H91PoYo,6,1,0.467,0.806,B,-11.183,major,0.0685,0.168,4.20E-06,0.0581,0.588,160.178,273133,4,B major,21,NA,https://open.spotify.com/track/7MN5Bk68lTYQJF7H91PoYo
Queen,1dfeR4HaWDbWqFHLkxsg1d,1h0j80HhdzIMsUGUFiVkqa,The Game,https://i.scdn.co/image/a36fb14484f79074e743faa4ee361d2d11a23724,album,FALSE,27/06/1980,27/06/1980,33,Don't Try Suicide,1IPMLLv2ApSZFDLwvgt5yN,7,1,0.772,0.35,D,-13.876,major,0.25,0.287,0,0.044,0.644,135.258,232773,4,D major,22,NA,https://open.spotify.com/track/1IPMLLv2ApSZFDLwvgt5yN
Queen,1dfeR4HaWDbWqFHLkxsg1d,1h0j80HhdzIMsUGUFiVkqa,The Game,https://i.scdn.co/image/a36fb14484f79074e743faa4ee361d2d11a23724,album,FALSE,27/06/1980,27/06/1980,33,Sail Away Sweet Sister,07TPg2pDXZmlVLWVRy0DSu,8,1,0.527,0.348,F#,-12.672,minor,0.0252,0.639,0,0.07,0.286,79.941,213200,4,F# minor,20,NA,https://open.spotify.com/track/07TPg2pDXZmlVLWVRy0DSu
Queen,1dfeR4HaWDbWqFHLkxsg1d,1h0j80HhdzIMsUGUFiVkqa,The Game,https://i.scdn.co/image/a36fb14484f79074e743faa4ee361d2d11a23724,album,FALSE,27/06/1980,27/06/1980,33,Coming Soon,4Hz6cQXP7vQGfrLALEWSN5,9,1,0.686,0.776,A,-10.939,minor,0.0388,0.00655,0.00794,0.187,0.895,136.74,170893,4,A minor,18,NA,https://open.spotify.com/track/4Hz6cQXP7vQGfrLALEWSN5
Queen,1dfeR4HaWDbWqFHLkxsg1d,1h0j80HhdzIMsUGUFiVkqa,The Game,https://i.scdn.co/image/a36fb14484f79074e743faa4ee361d2d11a23724,album,FALSE,27/06/1980,27/06/1980,33,Save Me,5xDFYRukUOamdjnFoM3RoW,10,1,0.497,0.342,G,-12.055,major,0.0281,0.264,2.04E-06,0.158,0.359,81.596,227933,3,G major,23,NA,https://open.spotify.com/track/5xDFYRukUOamdjnFoM3RoW
Queen,1dfeR4HaWDbWqFHLkxsg1d,1h0j80HhdzIMsUGUFiVkqa,The Game,https://i.scdn.co/image/a36fb14484f79074e743faa4ee361d2d11a23724,album,FALSE,27/06/1980,27/06/1980,33,Dragon Attack - 1991 Bonus Remix,1uqq1rXVMWJbPPASbsdlLZ,11,1,0.773,0.851,C#,-11.987,major,0.139,0.0103,0.00244,0.132,0.8,180.238,262373,4,C# major,15,NA,https://open.spotify.com/track/1uqq1rXVMWJbPPASbsdlLZ
